epoch (ms),time (03:00),elapsed (s),x-axis (g),y-axis (g),z-axis (g)
1682855468605,2023-04-30T14.51.08.605,0.000,0.007,-0.007,0.002
1682855468616,2023-04-30T14.51.08.616,0.011,0.008,-0.017,0.008
1682855468626,2023-04-30T14.51.08.626,0.021,0.002,-0.022,0.011
1682855468636,2023-04-30T14.51.08.636,0.031,0.007,-0.025,0.012
1682855468646,2023-04-30T14.51.08.646,0.041,0.011,-0.028,0.016
1682855468657,2023-04-30T14.51.08.657,0.052,-0.003,-0.030,0.026
1682855468667,2023-04-30T14.51.08.667,0.062,-0.009,-0.030,0.019
1682855468677,2023-04-30T14.51.08.677,0.072,-0.010,-0.024,-0.001
1682855468686,2023-04-30T14.51.08.686,0.081,-0.014,-0.011,-0.023
1682855468696,2023-04-30T14.51.08.696,0.091,-0.004,-0.034,0.035
1682855468707,2023-04-30T14.51.08.707,0.102,0.012,-0.051,0.081
1682855468717,2023-04-30T14.51.08.717,0.112,0.010,-0.049,0.080
1682855468727,2023-04-30T14.51.08.727,0.122,0.025,-0.049,0.082
1682855468737,2023-04-30T14.51.08.737,0.132,0.009,-0.037,0.045
1682855468748,2023-04-30T14.51.08.748,0.143,-0.032,-0.025,0.008
1682855468758,2023-04-30T14.51.08.758,0.153,-0.038,-0.016,-0.013
1682855468768,2023-04-30T14.51.08.768,0.163,-0.008,-0.010,-0.018
1682855468778,2023-04-30T14.51.08.778,0.173,-0.005,-0.002,-0.036
1682855468789,2023-04-30T14.51.08.789,0.184,0.034,-0.011,-0.013
1682855468797,2023-04-30T14.51.08.797,0.192,0.043,-0.035,0.048
1682855468808,2023-04-30T14.51.08.808,0.203,0.035,-0.040,0.066
1682855468818,2023-04-30T14.51.08.818,0.213,0.052,-0.031,0.044
1682855468828,2023-04-30T14.51.08.828,0.223,0.037,-0.022,0.002
1682855468838,2023-04-30T14.51.08.838,0.233,-0.016,-0.013,-0.014
1682855468849,2023-04-30T14.51.08.849,0.244,-0.045,-0.022,-0.003
1682855468859,2023-04-30T14.51.08.859,0.254,-0.041,-0.026,-0.002
1682855468869,2023-04-30T14.51.08.869,0.264,-0.034,-0.022,0.017
1682855468879,2023-04-30T14.51.08.879,0.274,-0.015,-0.017,0.019
1682855468890,2023-04-30T14.51.08.890,0.285,0.014,-0.019,0.019
1682855468900,2023-04-30T14.51.08.900,0.295,0.031,-0.011,-0.005
1682855468909,2023-04-30T14.51.08.909,0.304,0.053,0.000,-0.033
1682855468919,2023-04-30T14.51.08.919,0.314,0.032,-0.019,0.013
1682855468929,2023-04-30T14.51.08.929,0.324,0.002,-0.038,0.064
1682855468939,2023-04-30T14.51.08.939,0.334,-0.103,-0.049,0.044
1682855468950,2023-04-30T14.51.08.950,0.345,-0.092,0.005,0.032
1682855468960,2023-04-30T14.51.08.960,0.355,0.004,-0.011,0.000
1682855468970,2023-04-30T14.51.08.970,0.365,0.064,0.000,-0.011
1682855468980,2023-04-30T14.51.08.980,0.375,0.037,-0.055,0.028
1682855468991,2023-04-30T14.51.08.991,0.386,0.060,-0.043,0.080
1682855469001,2023-04-30T14.51.09.001,0.396,0.080,0.006,0.033
1682855469011,2023-04-30T14.51.09.011,0.406,0.045,-0.016,0.032
1682855469020,2023-04-30T14.51.09.020,0.415,-0.016,-0.039,0.009
1682855469032,2023-04-30T14.51.09.032,0.427,-0.020,0.002,-0.023
1682855469041,2023-04-30T14.51.09.041,0.436,-0.003,-0.003,-0.018
1682855469051,2023-04-30T14.51.09.051,0.446,-0.029,-0.004,-0.062
1682855469061,2023-04-30T14.51.09.061,0.456,0.015,-0.007,-0.006
1682855469071,2023-04-30T14.51.09.071,0.466,0.017,-0.025,0.019
1682855469082,2023-04-30T14.51.09.082,0.477,0.009,-0.027,0.025
1682855469092,2023-04-30T14.51.09.092,0.487,0.015,-0.032,0.009
1682855469102,2023-04-30T14.51.09.102,0.497,0.007,-0.038,0.008
1682855469112,2023-04-30T14.51.09.112,0.507,-0.003,-0.032,0.030
1682855469123,2023-04-30T14.51.09.123,0.518,-0.005,-0.019,0.026
1682855469131,2023-04-30T14.51.09.131,0.526,-0.012,-0.010,0.007
1682855469142,2023-04-30T14.51.09.142,0.537,-0.016,-0.006,-0.010
1682855469152,2023-04-30T14.51.09.152,0.547,-0.013,-0.009,-0.009
1682855469162,2023-04-30T14.51.09.162,0.557,-0.008,-0.018,-0.004
1682855469172,2023-04-30T14.51.09.172,0.567,0.025,-0.032,0.028
1682855469183,2023-04-30T14.51.09.183,0.578,0.019,-0.024,0.049
1682855469193,2023-04-30T14.51.09.193,0.588,-0.036,-0.020,0.045
1682855469203,2023-04-30T14.51.09.203,0.598,-0.016,-0.045,0.033
1682855469213,2023-04-30T14.51.09.213,0.608,0.041,-0.003,-0.020
1682855469224,2023-04-30T14.51.09.224,0.619,0.021,0.006,-0.019
1682855469234,2023-04-30T14.51.09.234,0.629,-0.001,-0.010,0.015
1682855469244,2023-04-30T14.51.09.244,0.639,-0.011,-0.013,0.007
1682855469253,2023-04-30T14.51.09.253,0.648,-0.024,-0.007,-0.005
1682855469263,2023-04-30T14.51.09.263,0.658,-0.020,-0.005,-0.028
1682855469273,2023-04-30T14.51.09.273,0.668,-0.007,0.001,-0.039
1682855469284,2023-04-30T14.51.09.284,0.679,-0.016,-0.012,0.005
1682855469294,2023-04-30T14.51.09.294,0.689,-0.023,-0.055,0.091
1682855469304,2023-04-30T14.51.09.304,0.699,-0.013,-0.048,0.107
1682855469314,2023-04-30T14.51.09.314,0.709,0.012,-0.021,0.055
1682855469325,2023-04-30T14.51.09.325,0.720,0.017,-0.022,0.056
1682855469335,2023-04-30T14.51.09.335,0.730,0.000,-0.022,0.042
1682855469345,2023-04-30T14.51.09.345,0.740,-0.012,-0.024,-0.003
1682855469354,2023-04-30T14.51.09.354,0.749,-0.020,-0.006,-0.038
1682855469364,2023-04-30T14.51.09.364,0.759,-0.001,-0.017,-0.009
1682855469375,2023-04-30T14.51.09.375,0.770,-0.003,-0.017,-0.012
1682855469385,2023-04-30T14.51.09.385,0.780,-0.002,-0.017,-0.020
1682855469395,2023-04-30T14.51.09.395,0.790,0.005,-0.023,-0.003
1682855469405,2023-04-30T14.51.09.405,0.800,-0.002,-0.027,-0.001
1682855469416,2023-04-30T14.51.09.416,0.811,0.005,-0.029,0.016
1682855469426,2023-04-30T14.51.09.426,0.821,0.017,-0.027,0.023
1682855469436,2023-04-30T14.51.09.436,0.831,0.000,-0.029,0.024
1682855469446,2023-04-30T14.51.09.446,0.841,-0.011,-0.030,0.034
1682855469457,2023-04-30T14.51.09.457,0.852,-0.008,-0.026,0.027
1682855469465,2023-04-30T14.51.09.465,0.860,-0.009,-0.023,0.021
1682855469476,2023-04-30T14.51.09.476,0.871,-0.007,-0.025,0.028
1682855469487,2023-04-30T14.51.09.487,0.882,0.001,-0.023,0.027
1682855469496,2023-04-30T14.51.09.496,0.891,0.007,-0.029,0.020
1682855469506,2023-04-30T14.51.09.506,0.901,0.017,-0.019,0.009
1682855469517,2023-04-30T14.51.09.517,0.912,0.013,-0.020,0.012
1682855469527,2023-04-30T14.51.09.527,0.922,0.002,-0.029,0.025
1682855469537,2023-04-30T14.51.09.537,0.932,0.004,-0.020,0.029
1682855469547,2023-04-30T14.51.09.547,0.942,0.004,-0.012,0.017
1682855469558,2023-04-30T14.51.09.558,0.953,-0.002,-0.005,0.008
1682855469568,2023-04-30T14.51.09.568,0.963,-0.001,-0.007,-0.001
1682855469577,2023-04-30T14.51.09.577,0.972,-0.005,-0.006,-0.001
1682855469587,2023-04-30T14.51.09.587,0.982,-0.002,-0.014,0.011
1682855469597,2023-04-30T14.51.09.597,0.992,0.004,-0.029,0.019
1682855469607,2023-04-30T14.51.09.607,1.002,0.003,-0.028,0.027
1682855469618,2023-04-30T14.51.09.618,1.013,-0.001,-0.024,0.021
1682855469628,2023-04-30T14.51.09.628,1.023,0.000,-0.017,0.014
1682855469638,2023-04-30T14.51.09.638,1.033,0.005,-0.016,0.021
1682855469648,2023-04-30T14.51.09.648,1.043,0.002,-0.021,0.015
1682855469659,2023-04-30T14.51.09.659,1.054,-0.003,-0.018,0.009
1682855469669,2023-04-30T14.51.09.669,1.064,0.001,-0.017,0.016
1682855469679,2023-04-30T14.51.09.679,1.074,0.003,-0.014,0.021
1682855469689,2023-04-30T14.51.09.689,1.084,0.002,-0.020,0.017
1682855469698,2023-04-30T14.51.09.698,1.093,0.001,-0.013,0.008
1682855469708,2023-04-30T14.51.09.708,1.103,0.006,-0.014,0.003
1682855469719,2023-04-30T14.51.09.719,1.114,0.000,-0.015,0.005
1682855469729,2023-04-30T14.51.09.729,1.124,-0.007,-0.014,0.003
1682855469739,2023-04-30T14.51.09.739,1.134,0.001,-0.015,0.001
1682855469750,2023-04-30T14.51.09.750,1.145,0.019,-0.028,0.026
1682855469760,2023-04-30T14.51.09.760,1.155,0.022,-0.019,0.005
1682855469770,2023-04-30T14.51.09.770,1.165,0.010,-0.011,0.004
1682855469780,2023-04-30T14.51.09.780,1.175,0.020,-0.019,0.021
1682855469791,2023-04-30T14.51.09.791,1.186,0.011,-0.026,0.006
1682855469799,2023-04-30T14.51.09.799,1.194,0.005,-0.031,-0.004
1682855469811,2023-04-30T14.51.09.811,1.206,0.002,-0.048,-0.005
1682855469820,2023-04-30T14.51.09.820,1.215,-0.001,-0.088,-0.029
1682855469830,2023-04-30T14.51.09.830,1.225,0.010,0.049,0.059
1682855469840,2023-04-30T14.51.09.840,1.235,-0.087,-0.049,-0.037
1682855469851,2023-04-30T14.51.09.851,1.246,0.035,-0.046,-0.004
1682855469861,2023-04-30T14.51.09.861,1.256,0.001,0.004,0.022
1682855469871,2023-04-30T14.51.09.871,1.266,0.006,0.003,0.014
1682855469881,2023-04-30T14.51.09.881,1.276,-0.006,0.034,0.002
1682855469892,2023-04-30T14.51.09.892,1.287,0.011,0.008,0.027
1682855469902,2023-04-30T14.51.09.902,1.297,0.014,-0.024,0.035
1682855469911,2023-04-30T14.51.09.911,1.306,-0.008,-0.039,0.027
1682855469921,2023-04-30T14.51.09.921,1.316,-0.016,-0.031,0.010
1682855469931,2023-04-30T14.51.09.931,1.326,-0.013,-0.014,0.009
1682855469941,2023-04-30T14.51.09.941,1.336,-0.013,-0.013,0.013
1682855469952,2023-04-30T14.51.09.952,1.347,-0.010,-0.036,0.015
1682855469962,2023-04-30T14.51.09.962,1.357,-0.017,-0.041,0.001
1682855469972,2023-04-30T14.51.09.972,1.367,-0.017,-0.028,0.017
1682855469982,2023-04-30T14.51.09.982,1.377,0.001,-0.013,0.042
1682855469993,2023-04-30T14.51.09.993,1.388,0.008,-0.023,0.051
1682855470003,2023-04-30T14.51.10.003,1.398,-0.015,0.024,0.005
1682855470013,2023-04-30T14.51.10.013,1.408,0.004,-0.016,0.036
1682855470023,2023-04-30T14.51.10.023,1.418,-0.002,-0.012,0.025
1682855470032,2023-04-30T14.51.10.032,1.427,-0.012,0.008,0.001
1682855470042,2023-04-30T14.51.10.042,1.437,-0.018,0.023,-0.002
1682855470054,2023-04-30T14.51.10.054,1.449,0.000,0.009,0.022
1682855470063,2023-04-30T14.51.10.063,1.458,0.002,-0.001,0.023
1682855470073,2023-04-30T14.51.10.073,1.468,-0.003,-0.019,-0.005
1682855470083,2023-04-30T14.51.10.083,1.478,-0.005,-0.008,-0.033
1682855470094,2023-04-30T14.51.10.094,1.489,-0.005,0.015,-0.023
1682855470104,2023-04-30T14.51.10.104,1.499,0.003,0.005,-0.001
1682855470114,2023-04-30T14.51.10.114,1.509,-0.005,-0.016,-0.009
1682855470125,2023-04-30T14.51.10.125,1.520,-0.005,-0.028,-0.011
1682855470133,2023-04-30T14.51.10.133,1.528,0.015,-0.014,0.031
1682855470144,2023-04-30T14.51.10.144,1.539,0.033,-0.020,0.054
1682855470154,2023-04-30T14.51.10.154,1.549,0.035,-0.022,0.051
1682855470164,2023-04-30T14.51.10.164,1.559,0.029,-0.023,0.044
1682855470174,2023-04-30T14.51.10.174,1.569,0.021,-0.043,0.024
1682855470185,2023-04-30T14.51.10.185,1.580,-0.001,-0.027,-0.005
1682855470195,2023-04-30T14.51.10.195,1.590,0.011,-0.026,0.023
1682855470205,2023-04-30T14.51.10.205,1.600,0.022,-0.012,0.036
1682855470215,2023-04-30T14.51.10.215,1.610,0.022,-0.003,0.033
1682855470226,2023-04-30T14.51.10.226,1.621,0.013,-0.027,0.021
1682855470236,2023-04-30T14.51.10.236,1.631,0.010,-0.033,0.015
1682855470246,2023-04-30T14.51.10.246,1.641,0.025,-0.021,0.034
1682855470255,2023-04-30T14.51.10.255,1.650,0.036,-0.008,0.038
1682855470265,2023-04-30T14.51.10.265,1.660,0.038,-0.003,0.036
1682855470275,2023-04-30T14.51.10.275,1.670,0.030,-0.004,0.035
1682855470286,2023-04-30T14.51.10.286,1.681,0.023,-0.012,0.034
1682855470296,2023-04-30T14.51.10.296,1.691,0.014,-0.029,0.031
1682855470306,2023-04-30T14.51.10.306,1.701,0.011,-0.025,0.025
1682855470316,2023-04-30T14.51.10.316,1.711,0.002,-0.011,0.012
1682855470327,2023-04-30T14.51.10.327,1.722,0.014,-0.031,0.034
1682855470337,2023-04-30T14.51.10.337,1.732,0.019,-0.056,0.034
1682855470347,2023-04-30T14.51.10.347,1.742,0.005,-0.059,0.022
1682855470357,2023-04-30T14.51.10.357,1.752,0.010,-0.046,0.031
1682855470368,2023-04-30T14.51.10.368,1.763,0.017,-0.049,0.042
1682855470376,2023-04-30T14.51.10.376,1.771,0.015,-0.053,0.039
1682855470387,2023-04-30T14.51.10.387,1.782,0.004,-0.042,0.028
1682855470397,2023-04-30T14.51.10.397,1.792,-0.012,-0.036,-0.004
1682855470407,2023-04-30T14.51.10.407,1.802,-0.022,-0.020,-0.025
1682855470417,2023-04-30T14.51.10.417,1.812,-0.019,-0.026,-0.014
1682855470428,2023-04-30T14.51.10.428,1.823,-0.010,-0.036,-0.010
1682855470438,2023-04-30T14.51.10.438,1.833,-0.026,-0.012,-0.041
1682855470448,2023-04-30T14.51.10.448,1.843,-0.013,0.001,-0.030
1682855470458,2023-04-30T14.51.10.458,1.853,0.003,-0.006,-0.003
1682855470469,2023-04-30T14.51.10.469,1.864,0.007,-0.039,0.010
1682855470478,2023-04-30T14.51.10.478,1.873,-0.005,-0.055,0.008
1682855470488,2023-04-30T14.51.10.488,1.883,-0.011,-0.053,-0.006
1682855470498,2023-04-30T14.51.10.498,1.893,-0.011,-0.046,-0.015
1682855470508,2023-04-30T14.51.10.508,1.903,-0.018,-0.039,-0.022
1682855470519,2023-04-30T14.51.10.519,1.914,-0.030,-0.034,-0.032
1682855470529,2023-04-30T14.51.10.529,1.924,-0.029,-0.024,-0.032
1682855470539,2023-04-30T14.51.10.539,1.934,-0.017,-0.014,-0.016
1682855470549,2023-04-30T14.51.10.549,1.944,-0.007,-0.014,0.008
1682855470560,2023-04-30T14.51.10.560,1.955,-0.002,-0.015,0.026
1682855470570,2023-04-30T14.51.10.570,1.965,-0.004,-0.016,0.035
1682855470580,2023-04-30T14.51.10.580,1.975,-0.016,-0.010,0.019
1682855470589,2023-04-30T14.51.10.589,1.984,-0.014,-0.021,0.011
1682855470599,2023-04-30T14.51.10.599,1.994,-0.015,-0.021,-0.001
1682855470611,2023-04-30T14.51.10.611,2.006,-0.011,-0.007,-0.004
1682855470620,2023-04-30T14.51.10.620,2.015,-0.011,-0.005,-0.012
1682855470630,2023-04-30T14.51.10.630,2.025,-0.016,0.008,-0.024
1682855470640,2023-04-30T14.51.10.640,2.035,0.004,0.002,0.031
1682855470650,2023-04-30T14.51.10.650,2.045,0.009,-0.017,0.052
1682855470661,2023-04-30T14.51.10.661,2.056,0.010,-0.032,0.049
1682855470671,2023-04-30T14.51.10.671,2.066,0.011,-0.037,0.044
1682855470681,2023-04-30T14.51.10.681,2.076,0.005,-0.058,0.034
1682855470691,2023-04-30T14.51.10.691,2.086,-0.001,-0.056,0.003
1682855470700,2023-04-30T14.51.10.700,2.095,-0.016,-0.038,-0.035
1682855470710,2023-04-30T14.51.10.710,2.105,-0.008,-0.035,-0.019
1682855470721,2023-04-30T14.51.10.721,2.116,0.004,-0.037,-0.005
1682855470731,2023-04-30T14.51.10.731,2.126,0.008,-0.019,0.008
1682855470741,2023-04-30T14.51.10.741,2.136,0.006,-0.008,0.011
1682855470751,2023-04-30T14.51.10.751,2.146,0.012,-0.003,0.037
1682855470762,2023-04-30T14.51.10.762,2.157,0.032,-0.007,0.061
1682855470772,2023-04-30T14.51.10.772,2.167,0.029,0.005,0.059
1682855470782,2023-04-30T14.51.10.782,2.177,0.029,0.011,0.039
1682855470792,2023-04-30T14.51.10.792,2.187,0.028,0.030,0.015
1682855470803,2023-04-30T14.51.10.803,2.198,0.032,0.033,0.027
1682855470812,2023-04-30T14.51.10.812,2.207,0.026,0.018,0.029
1682855470823,2023-04-30T14.51.10.823,2.218,0.019,0.003,0.017
1682855470832,2023-04-30T14.51.10.832,2.227,0.007,-0.024,0.034
1682855470842,2023-04-30T14.51.10.842,2.237,-0.005,-0.036,0.039
1682855470854,2023-04-30T14.51.10.854,2.249,-0.006,-0.048,0.036
1682855470863,2023-04-30T14.51.10.863,2.258,-0.012,-0.058,0.019
1682855470873,2023-04-30T14.51.10.873,2.268,-0.013,-0.075,0.010
1682855470883,2023-04-30T14.51.10.883,2.278,-0.022,-0.095,-0.002
1682855470894,2023-04-30T14.51.10.894,2.289,-0.046,-0.138,-0.015
1682855470904,2023-04-30T14.51.10.904,2.299,-0.084,-0.173,-0.009
1682855470914,2023-04-30T14.51.10.914,2.309,-0.139,-0.203,0.005
1682855470923,2023-04-30T14.51.10.923,2.318,-0.199,-0.279,0.031
1682855470935,2023-04-30T14.51.10.935,2.330,-0.280,-0.325,0.089
1682855470943,2023-04-30T14.51.10.943,2.338,-0.352,-0.367,0.160
1682855470954,2023-04-30T14.51.10.954,2.349,-0.424,-0.465,0.231
1682855470964,2023-04-30T14.51.10.964,2.359,-0.517,-0.594,0.286
1682855470974,2023-04-30T14.51.10.974,2.369,-0.623,-0.750,0.255
1682855470984,2023-04-30T14.51.10.984,2.379,-0.708,-0.928,0.205
1682855470995,2023-04-30T14.51.10.995,2.390,-0.778,-1.072,0.137
1682855471005,2023-04-30T14.51.11.005,2.400,-0.861,-1.114,0.030
1682855471015,2023-04-30T14.51.11.015,2.410,-0.982,-1.090,-0.094
1682855471025,2023-04-30T14.51.11.025,2.420,-1.068,-1.047,-0.187
1682855471036,2023-04-30T14.51.11.036,2.431,-1.117,-0.951,-0.267
1682855471044,2023-04-30T14.51.11.044,2.439,-1.069,-0.852,-0.304
1682855471055,2023-04-30T14.51.11.055,2.450,-0.970,-0.816,-0.263
1682855471065,2023-04-30T14.51.11.065,2.460,-0.864,-0.689,-0.225
1682855471075,2023-04-30T14.51.11.075,2.470,-0.728,-0.526,-0.141
1682855471085,2023-04-30T14.51.11.085,2.480,-0.574,-0.485,-0.002
1682855471096,2023-04-30T14.51.11.096,2.491,-0.462,-0.495,0.083
1682855471106,2023-04-30T14.51.11.106,2.501,-0.392,-0.459,0.144
1682855471116,2023-04-30T14.51.11.116,2.511,-0.321,-0.426,0.207
1682855471126,2023-04-30T14.51.11.126,2.521,-0.158,-0.295,0.264
1682855471137,2023-04-30T14.51.11.137,2.532,0.008,-0.089,0.314
1682855471146,2023-04-30T14.51.11.146,2.541,0.119,0.117,0.355
1682855471156,2023-04-30T14.51.11.156,2.551,0.255,0.258,0.340
1682855471166,2023-04-30T14.51.11.166,2.561,0.390,0.378,0.386
1682855471178,2023-04-30T14.51.11.178,2.573,0.468,0.560,0.424
1682855471187,2023-04-30T14.51.11.187,2.582,0.540,0.828,0.374
1682855471197,2023-04-30T14.51.11.197,2.592,0.680,1.097,0.349
1682855471207,2023-04-30T14.51.11.207,2.602,0.831,1.367,0.328
1682855471217,2023-04-30T14.51.11.217,2.612,0.933,1.550,0.289
1682855471228,2023-04-30T14.51.11.228,2.623,0.986,1.540,0.281
1682855471238,2023-04-30T14.51.11.238,2.633,0.952,1.458,0.316
1682855471248,2023-04-30T14.51.11.248,2.643,0.887,1.259,0.330
1682855471258,2023-04-30T14.51.11.258,2.653,0.785,0.934,0.324
1682855471267,2023-04-30T14.51.11.267,2.662,0.617,0.668,0.232
1682855471277,2023-04-30T14.51.11.277,2.672,0.478,0.488,0.191
1682855471288,2023-04-30T14.51.11.288,2.683,0.369,0.324,0.211
1682855471298,2023-04-30T14.51.11.298,2.693,0.280,0.220,0.179
1682855471308,2023-04-30T14.51.11.308,2.703,0.172,0.207,0.121
1682855471318,2023-04-30T14.51.11.318,2.713,0.104,0.210,0.092
1682855471329,2023-04-30T14.51.11.329,2.724,0.055,0.180,0.059
1682855471339,2023-04-30T14.51.11.339,2.734,0.018,0.148,0.020
1682855471349,2023-04-30T14.51.11.349,2.744,-0.020,0.136,-0.039
1682855471359,2023-04-30T14.51.11.359,2.754,-0.046,0.125,-0.104
1682855471370,2023-04-30T14.51.11.370,2.765,-0.038,0.114,-0.074
1682855471378,2023-04-30T14.51.11.378,2.773,-0.004,0.057,-0.017
1682855471389,2023-04-30T14.51.11.389,2.784,-0.012,0.009,-0.018
1682855471399,2023-04-30T14.51.11.399,2.794,0.004,-0.010,-0.006
1682855471409,2023-04-30T14.51.11.409,2.804,0.039,0.010,0.026
1682855471419,2023-04-30T14.51.11.419,2.814,0.073,0.048,0.075
1682855471430,2023-04-30T14.51.11.430,2.825,0.112,0.056,0.118
1682855471440,2023-04-30T14.51.11.440,2.835,0.135,0.039,0.153
1682855471450,2023-04-30T14.51.11.450,2.845,0.145,0.026,0.152
1682855471460,2023-04-30T14.51.11.460,2.855,0.140,0.038,0.124
1682855471471,2023-04-30T14.51.11.471,2.866,0.132,0.036,0.118
1682855471481,2023-04-30T14.51.11.481,2.876,0.121,0.009,0.103
1682855471490,2023-04-30T14.51.11.490,2.885,0.087,0.006,0.073
1682855471501,2023-04-30T14.51.11.501,2.896,0.053,-0.001,0.061
1682855471510,2023-04-30T14.51.11.510,2.905,0.029,-0.011,0.042
1682855471521,2023-04-30T14.51.11.521,2.916,0.029,-0.003,0.039
1682855471531,2023-04-30T14.51.11.531,2.926,0.030,0.000,0.036
1682855471541,2023-04-30T14.51.11.541,2.936,0.029,0.036,0.036
1682855471551,2023-04-30T14.51.11.551,2.946,0.030,0.063,0.041
1682855471562,2023-04-30T14.51.11.562,2.957,0.025,0.065,0.023
1682855471572,2023-04-30T14.51.11.572,2.967,0.020,0.056,-0.004
1682855471582,2023-04-30T14.51.11.582,2.977,0.031,0.044,0.026
1682855471591,2023-04-30T14.51.11.591,2.986,0.053,-0.009,0.038
1682855471601,2023-04-30T14.51.11.601,2.996,0.052,-0.029,0.034
1682855471611,2023-04-30T14.51.11.611,3.006,0.045,0.022,0.045
1682855471622,2023-04-30T14.51.11.622,3.017,0.045,0.046,0.059
1682855471632,2023-04-30T14.51.11.632,3.027,0.055,0.034,0.062
1682855471642,2023-04-30T14.51.11.642,3.037,0.050,0.012,0.043
1682855471652,2023-04-30T14.51.11.652,3.047,0.049,-0.032,0.036
1682855471663,2023-04-30T14.51.11.663,3.058,0.051,-0.056,0.041
1682855471673,2023-04-30T14.51.11.673,3.068,0.042,-0.074,0.029
1682855471683,2023-04-30T14.51.11.683,3.078,0.031,-0.091,-0.010
1682855471693,2023-04-30T14.51.11.693,3.088,0.016,-0.078,-0.012
1682855471704,2023-04-30T14.51.11.704,3.099,0.033,-0.090,0.015
1682855471712,2023-04-30T14.51.11.712,3.107,0.036,-0.065,0.010
1682855471723,2023-04-30T14.51.11.723,3.118,0.019,-0.028,-0.002
1682855471733,2023-04-30T14.51.11.733,3.128,0.023,-0.029,0.005
1682855471743,2023-04-30T14.51.11.743,3.138,0.033,-0.043,0.012
1682855471753,2023-04-30T14.51.11.753,3.148,0.029,-0.014,0.013
1682855471764,2023-04-30T14.51.11.764,3.159,0.033,0.009,0.018
1682855471774,2023-04-30T14.51.11.774,3.169,0.035,0.011,0.016
1682855471784,2023-04-30T14.51.11.784,3.179,0.028,-0.001,0.003
1682855471794,2023-04-30T14.51.11.794,3.189,0.019,-0.009,0.011
1682855471805,2023-04-30T14.51.11.805,3.200,0.031,-0.019,0.035
1682855471815,2023-04-30T14.51.11.815,3.210,0.049,-0.046,0.050
1682855471825,2023-04-30T14.51.11.825,3.220,0.037,-0.050,0.043
1682855471834,2023-04-30T14.51.11.834,3.229,0.037,-0.052,0.039
1682855471844,2023-04-30T14.51.11.844,3.239,0.046,-0.044,0.047
1682855471854,2023-04-30T14.51.11.854,3.249,0.049,-0.037,0.049
1682855471865,2023-04-30T14.51.11.865,3.260,0.050,-0.023,0.031
1682855471875,2023-04-30T14.51.11.875,3.270,0.038,-0.008,0.019
1682855471885,2023-04-30T14.51.11.885,3.280,0.045,-0.015,0.022
1682855471896,2023-04-30T14.51.11.896,3.291,0.040,-0.014,0.004
1682855471906,2023-04-30T14.51.11.906,3.301,0.033,-0.001,0.002
1682855471916,2023-04-30T14.51.11.916,3.311,0.024,0.022,0.003
1682855471926,2023-04-30T14.51.11.926,3.321,0.031,0.035,0.043
1682855471935,2023-04-30T14.51.11.935,3.330,0.046,-0.010,0.072
1682855471945,2023-04-30T14.51.11.945,3.340,0.041,-0.025,0.066
1682855471956,2023-04-30T14.51.11.956,3.351,0.022,-0.013,0.045
1682855471966,2023-04-30T14.51.11.966,3.361,0.011,-0.003,0.020
1682855471976,2023-04-30T14.51.11.976,3.371,0.001,0.008,-0.001
1682855471986,2023-04-30T14.51.11.986,3.381,-0.011,-0.002,-0.015
1682855471997,2023-04-30T14.51.11.997,3.392,-0.013,-0.012,-0.022
1682855472007,2023-04-30T14.51.12.007,3.402,-0.022,-0.009,-0.038
1682855472017,2023-04-30T14.51.12.017,3.412,-0.022,-0.010,-0.022
1682855472027,2023-04-30T14.51.12.027,3.422,-0.019,-0.010,-0.018
1682855472038,2023-04-30T14.51.12.038,3.433,-0.028,0.008,-0.028
1682855472046,2023-04-30T14.51.12.046,3.441,-0.019,0.017,-0.028
1682855472057,2023-04-30T14.51.12.057,3.452,-0.022,0.012,-0.026
1682855472068,2023-04-30T14.51.12.068,3.463,-0.020,-0.023,-0.019
1682855472077,2023-04-30T14.51.12.077,3.472,-0.023,-0.034,-0.012
1682855472087,2023-04-30T14.51.12.087,3.482,-0.020,-0.030,-0.003
1682855472098,2023-04-30T14.51.12.098,3.493,-0.020,-0.013,-0.006
1682855472108,2023-04-30T14.51.12.108,3.503,-0.032,-0.003,-0.026
1682855472118,2023-04-30T14.51.12.118,3.513,-0.046,-0.004,-0.045
1682855472128,2023-04-30T14.51.12.128,3.523,-0.047,0.001,-0.024
1682855472139,2023-04-30T14.51.12.139,3.534,-0.036,0.003,-0.008
1682855472149,2023-04-30T14.51.12.149,3.544,-0.024,0.007,0.016
1682855472158,2023-04-30T14.51.12.158,3.553,-0.024,-0.007,0.023
1682855472168,2023-04-30T14.51.12.168,3.563,-0.021,-0.017,0.021
1682855472178,2023-04-30T14.51.12.178,3.573,-0.015,-0.013,0.022
1682855472188,2023-04-30T14.51.12.188,3.583,-0.018,-0.014,0.012
1682855472199,2023-04-30T14.51.12.199,3.594,-0.017,-0.017,-0.002
1682855472209,2023-04-30T14.51.12.209,3.604,-0.025,-0.036,-0.028
1682855472219,2023-04-30T14.51.12.219,3.614,-0.034,-0.051,-0.038
1682855472229,2023-04-30T14.51.12.229,3.624,-0.029,-0.038,-0.037
1682855472240,2023-04-30T14.51.12.240,3.635,-0.033,-0.016,-0.031
1682855472250,2023-04-30T14.51.12.250,3.645,-0.023,-0.012,0.000
1682855472260,2023-04-30T14.51.12.260,3.655,-0.005,-0.024,0.017
1682855472271,2023-04-30T14.51.12.271,3.666,-0.020,-0.007,0.012
1682855472279,2023-04-30T14.51.12.279,3.674,-0.025,-0.001,0.004
1682855472290,2023-04-30T14.51.12.290,3.685,-0.017,-0.003,-0.010
1682855472300,2023-04-30T14.51.12.300,3.695,-0.016,0.009,-0.004
1682855472310,2023-04-30T14.51.12.310,3.705,-0.008,0.014,0.000
1682855472320,2023-04-30T14.51.12.320,3.715,-0.011,0.008,-0.016
1682855472331,2023-04-30T14.51.12.331,3.726,-0.019,-0.007,-0.038
1682855472341,2023-04-30T14.51.12.341,3.736,-0.004,-0.003,-0.007
1682855472351,2023-04-30T14.51.12.351,3.746,0.002,0.005,0.002
1682855472361,2023-04-30T14.51.12.361,3.756,-0.025,0.013,-0.031
1682855472372,2023-04-30T14.51.12.372,3.767,-0.035,0.015,-0.039
1682855472382,2023-04-30T14.51.12.382,3.777,-0.009,0.005,-0.008
1682855472392,2023-04-30T14.51.12.392,3.787,0.008,-0.010,0.016
1682855472401,2023-04-30T14.51.12.401,3.796,0.015,-0.016,0.025
1682855472411,2023-04-30T14.51.12.411,3.806,0.012,-0.004,0.022
1682855472421,2023-04-30T14.51.12.421,3.816,0.015,-0.020,0.020
1682855472432,2023-04-30T14.51.12.432,3.827,0.001,-0.033,-0.012
1682855472442,2023-04-30T14.51.12.442,3.837,-0.014,-0.014,-0.029
1682855472452,2023-04-30T14.51.12.452,3.847,-0.013,-0.015,-0.030
1682855472462,2023-04-30T14.51.12.462,3.857,-0.018,-0.027,-0.020
1682855472473,2023-04-30T14.51.12.473,3.868,-0.022,-0.022,-0.024
1682855472483,2023-04-30T14.51.12.483,3.878,0.001,-0.030,0.001
1682855472492,2023-04-30T14.51.12.492,3.887,0.007,-0.025,0.010
1682855472502,2023-04-30T14.51.12.502,3.897,0.004,-0.023,0.011
1682855472512,2023-04-30T14.51.12.512,3.907,0.008,-0.045,0.009
1682855472522,2023-04-30T14.51.12.522,3.917,0.012,-0.048,0.009
1682855472533,2023-04-30T14.51.12.533,3.928,0.003,-0.043,0.002
1682855472543,2023-04-30T14.51.12.543,3.938,-0.001,-0.048,-0.012
1682855472553,2023-04-30T14.51.12.553,3.948,0.006,-0.040,-0.004
1682855472563,2023-04-30T14.51.12.563,3.958,-0.001,-0.018,-0.006
1682855472574,2023-04-30T14.51.12.574,3.969,-0.002,-0.015,-0.009
1682855472584,2023-04-30T14.51.12.584,3.979,0.005,-0.013,0.026
1682855472594,2023-04-30T14.51.12.594,3.989,0.015,-0.030,0.045
1682855472603,2023-04-30T14.51.12.603,3.998,0.015,-0.047,0.040
1682855472613,2023-04-30T14.51.12.613,4.008,0.005,-0.041,0.029
1682855472624,2023-04-30T14.51.12.624,4.019,0.006,-0.021,0.012
1682855472635,2023-04-30T14.51.12.635,4.030,-0.006,-0.014,-0.012
1682855472644,2023-04-30T14.51.12.644,4.039,-0.008,-0.035,-0.009
1682855472654,2023-04-30T14.51.12.654,4.049,-0.004,-0.037,-0.015
1682855472665,2023-04-30T14.51.12.665,4.060,0.001,-0.017,-0.014
1682855472675,2023-04-30T14.51.12.675,4.070,0.000,-0.013,0.000
1682855472685,2023-04-30T14.51.12.685,4.080,0.015,-0.035,0.037
1682855472695,2023-04-30T14.51.12.695,4.090,0.006,-0.027,0.030
1682855472706,2023-04-30T14.51.12.706,4.101,-0.007,0.008,0.015
1682855472716,2023-04-30T14.51.12.716,4.111,0.009,0.011,0.038
1682855472725,2023-04-30T14.51.12.725,4.120,0.004,0.002,0.026
1682855472735,2023-04-30T14.51.12.735,4.130,-0.006,-0.002,0.001
1682855472745,2023-04-30T14.51.12.745,4.140,-0.001,0.006,0.002
1682855472755,2023-04-30T14.51.12.755,4.150,0.000,0.001,-0.008
1682855472766,2023-04-30T14.51.12.766,4.161,-0.003,-0.012,-0.006
1682855472776,2023-04-30T14.51.12.776,4.171,0.000,-0.032,0.005
1682855472786,2023-04-30T14.51.12.786,4.181,-0.002,-0.027,-0.001
1682855472796,2023-04-30T14.51.12.796,4.191,-0.013,-0.003,-0.007
1682855472807,2023-04-30T14.51.12.807,4.202,-0.002,0.013,0.011
1682855472817,2023-04-30T14.51.12.817,4.212,0.015,-0.002,0.025
1682855472827,2023-04-30T14.51.12.827,4.222,0.009,-0.009,0.022
1682855472836,2023-04-30T14.51.12.836,4.231,0.008,-0.009,0.017
1682855472846,2023-04-30T14.51.12.846,4.241,0.005,-0.001,0.017
1682855472856,2023-04-30T14.51.12.856,4.251,0.006,-0.003,-0.001
1682855472867,2023-04-30T14.51.12.867,4.262,-0.002,-0.008,-0.022
1682855472877,2023-04-30T14.51.12.877,4.272,0.007,-0.022,0.002
1682855472887,2023-04-30T14.51.12.887,4.282,0.015,-0.024,0.014
1682855472897,2023-04-30T14.51.12.897,4.292,0.013,-0.031,0.008
1682855472908,2023-04-30T14.51.12.908,4.303,0.007,-0.029,0.000
1682855472918,2023-04-30T14.51.12.918,4.313,-0.003,-0.002,-0.006
1682855472928,2023-04-30T14.51.12.928,4.323,0.017,-0.005,0.012
1682855472938,2023-04-30T14.51.12.938,4.333,0.025,-0.038,0.030
1682855472947,2023-04-30T14.51.12.947,4.342,0.014,-0.050,0.021
1682855472959,2023-04-30T14.51.12.959,4.354,0.010,-0.057,0.013
1682855472968,2023-04-30T14.51.12.968,4.363,0.012,-0.045,-0.013
1682855472978,2023-04-30T14.51.12.978,4.373,0.003,-0.027,-0.016
1682855472988,2023-04-30T14.51.12.988,4.383,0.019,-0.023,0.011
1682855472999,2023-04-30T14.51.12.999,4.394,0.014,-0.007,0.019
1682855473009,2023-04-30T14.51.13.009,4.404,0.013,-0.011,0.026
1682855473019,2023-04-30T14.51.13.019,4.414,0.014,-0.013,0.027
1682855473029,2023-04-30T14.51.13.029,4.424,0.011,-0.006,0.025
1682855473040,2023-04-30T14.51.13.040,4.435,0.014,-0.002,0.012
1682855473048,2023-04-30T14.51.13.048,4.443,0.008,-0.014,-0.009
1682855473059,2023-04-30T14.51.13.059,4.454,-0.004,-0.006,-0.016
1682855473069,2023-04-30T14.51.13.069,4.464,0.001,-0.023,-0.005
1682855473079,2023-04-30T14.51.13.079,4.474,0.005,-0.039,0.004
1682855473089,2023-04-30T14.51.13.089,4.484,0.007,-0.029,0.015
1682855473100,2023-04-30T14.51.13.100,4.495,0.000,-0.014,0.006
1682855473110,2023-04-30T14.51.13.110,4.505,-0.004,-0.016,0.007
1682855473120,2023-04-30T14.51.13.120,4.515,0.004,-0.019,0.019
1682855473130,2023-04-30T14.51.13.130,4.525,-0.008,-0.006,0.003
1682855473141,2023-04-30T14.51.13.141,4.536,-0.015,0.002,-0.002
1682855473151,2023-04-30T14.51.13.151,4.546,-0.010,-0.003,0.002
1682855473161,2023-04-30T14.51.13.161,4.556,-0.008,-0.012,0.010
1682855473170,2023-04-30T14.51.13.170,4.565,-0.001,-0.012,0.014
1682855473180,2023-04-30T14.51.13.180,4.575,0.000,-0.007,0.000
1682855473190,2023-04-30T14.51.13.190,4.585,-0.011,-0.016,-0.021
1682855473201,2023-04-30T14.51.13.201,4.596,-0.014,-0.018,-0.014
1682855473211,2023-04-30T14.51.13.211,4.606,-0.009,-0.022,-0.008
1682855473221,2023-04-30T14.51.13.221,4.616,-0.016,-0.006,-0.006
1682855473231,2023-04-30T14.51.13.231,4.626,-0.010,-0.005,-0.004
1682855473242,2023-04-30T14.51.13.242,4.637,0.003,-0.006,0.011
1682855473252,2023-04-30T14.51.13.252,4.647,0.010,-0.008,0.024
1682855473262,2023-04-30T14.51.13.262,4.657,0.009,-0.029,0.019
1682855473272,2023-04-30T14.51.13.272,4.667,0.001,-0.043,0.011
1682855473283,2023-04-30T14.51.13.283,4.678,-0.001,-0.032,-0.007
1682855473291,2023-04-30T14.51.13.291,4.686,-0.007,-0.026,-0.019
1682855473302,2023-04-30T14.51.13.302,4.697,-0.001,-0.035,-0.015
1682855473312,2023-04-30T14.51.13.312,4.707,-0.008,-0.031,-0.023
1682855473322,2023-04-30T14.51.13.322,4.717,0.000,-0.027,-0.022
1682855473333,2023-04-30T14.51.13.333,4.728,0.004,-0.016,0.010
1682855473343,2023-04-30T14.51.13.343,4.738,0.016,-0.027,0.033
1682855473353,2023-04-30T14.51.13.353,4.748,0.022,-0.035,0.048
1682855473363,2023-04-30T14.51.13.363,4.758,0.012,-0.034,0.042
1682855473374,2023-04-30T14.51.13.374,4.769,0.007,-0.009,0.026
1682855473384,2023-04-30T14.51.13.384,4.779,0.007,-0.011,0.019
1682855473393,2023-04-30T14.51.13.393,4.788,0.002,-0.022,0.001
1682855473403,2023-04-30T14.51.13.403,4.798,-0.003,-0.023,-0.013
1682855473413,2023-04-30T14.51.13.413,4.808,0.000,-0.023,-0.004
1682855473423,2023-04-30T14.51.13.423,4.818,0.000,-0.022,0.008
1682855473434,2023-04-30T14.51.13.434,4.829,-0.007,-0.022,-0.001
1682855473444,2023-04-30T14.51.13.444,4.839,-0.007,-0.013,-0.001
1682855473454,2023-04-30T14.51.13.454,4.849,-0.004,-0.020,0.011
1682855473464,2023-04-30T14.51.13.464,4.859,0.002,-0.021,0.015
1682855473475,2023-04-30T14.51.13.475,4.870,-0.002,-0.021,0.011
1682855473485,2023-04-30T14.51.13.485,4.880,-0.012,-0.016,-0.011
1682855473495,2023-04-30T14.51.13.495,4.890,-0.018,-0.004,-0.017
1682855473504,2023-04-30T14.51.13.504,4.899,-0.021,0.003,-0.026
1682855473514,2023-04-30T14.51.13.514,4.909,-0.014,-0.008,-0.015
1682855473526,2023-04-30T14.51.13.526,4.921,-0.009,-0.019,-0.003
1682855473535,2023-04-30T14.51.13.535,4.930,-0.008,-0.004,0.004
1682855473545,2023-04-30T14.51.13.545,4.940,0.013,-0.009,0.028
1682855473555,2023-04-30T14.51.13.555,4.950,0.025,-0.016,0.047
1682855473565,2023-04-30T14.51.13.565,4.960,0.018,-0.001,0.044
1682855473576,2023-04-30T14.51.13.576,4.971,0.020,-0.010,0.035
1682855473586,2023-04-30T14.51.13.586,4.981,0.011,0.001,0.018
1682855473596,2023-04-30T14.51.13.596,4.991,0.003,-0.005,-0.004
1682855473606,2023-04-30T14.51.13.606,5.001,-0.004,-0.001,-0.021
1682855473615,2023-04-30T14.51.13.615,5.010,-0.018,0.010,-0.031
1682855473625,2023-04-30T14.51.13.625,5.020,-0.010,-0.006,-0.050
1682855473636,2023-04-30T14.51.13.636,5.031,-0.009,0.012,-0.045
1682855473646,2023-04-30T14.51.13.646,5.041,0.011,0.014,-0.034
1682855473656,2023-04-30T14.51.13.656,5.051,0.033,0.016,-0.031
1682855473666,2023-04-30T14.51.13.666,5.061,0.043,0.011,-0.057
1682855473677,2023-04-30T14.51.13.677,5.072,0.044,0.014,-0.112
1682855473687,2023-04-30T14.51.13.687,5.082,0.050,0.047,-0.157
1682855473697,2023-04-30T14.51.13.697,5.092,0.086,0.073,-0.188
1682855473708,2023-04-30T14.51.13.708,5.103,0.093,0.061,-0.263
1682855473718,2023-04-30T14.51.13.718,5.113,0.159,0.087,-0.248
1682855473728,2023-04-30T14.51.13.728,5.123,0.240,0.083,-0.257
1682855473737,2023-04-30T14.51.13.737,5.132,0.293,0.047,-0.344
1682855473747,2023-04-30T14.51.13.747,5.142,0.365,-0.024,-0.470
1682855473757,2023-04-30T14.51.13.757,5.152,0.401,-0.096,-0.631
1682855473768,2023-04-30T14.51.13.768,5.163,0.361,-0.142,-0.876
1682855473778,2023-04-30T14.51.13.778,5.173,0.235,-0.083,-1.182
1682855473788,2023-04-30T14.51.13.788,5.183,0.141,0.042,-1.344
1682855473798,2023-04-30T14.51.13.798,5.193,0.110,0.138,-1.407
1682855473809,2023-04-30T14.51.13.809,5.204,0.129,0.215,-1.320
1682855473819,2023-04-30T14.51.13.819,5.214,0.235,0.174,-1.144
1682855473829,2023-04-30T14.51.13.829,5.224,0.267,0.101,-0.958
1682855473839,2023-04-30T14.51.13.839,5.234,0.378,0.069,-0.778
1682855473850,2023-04-30T14.51.13.850,5.245,0.242,-0.010,-0.782
1682855473858,2023-04-30T14.51.13.858,5.253,0.036,-0.155,-0.762
1682855473869,2023-04-30T14.51.13.869,5.264,-0.146,-0.276,-0.690
1682855473879,2023-04-30T14.51.13.879,5.274,-0.183,-0.424,-0.468
1682855473889,2023-04-30T14.51.13.889,5.284,-0.211,-0.353,-0.241
1682855473899,2023-04-30T14.51.13.899,5.294,-0.435,-0.319,-0.129
1682855473910,2023-04-30T14.51.13.910,5.305,-0.460,-0.518,0.019
1682855473920,2023-04-30T14.51.13.920,5.315,-0.410,-0.536,0.307
1682855473930,2023-04-30T14.51.13.930,5.325,-0.222,-0.187,0.666
1682855473940,2023-04-30T14.51.13.940,5.335,-0.118,-0.009,0.779
1682855473951,2023-04-30T14.51.13.951,5.346,-0.276,-0.046,0.750
1682855473961,2023-04-30T14.51.13.961,5.356,-0.363,-0.201,0.786
1682855473970,2023-04-30T14.51.13.970,5.365,-0.356,-0.367,0.793
1682855473980,2023-04-30T14.51.13.980,5.375,-0.369,-0.150,0.855
1682855473990,2023-04-30T14.51.13.990,5.385,-0.162,0.149,1.040
1682855474000,2023-04-30T14.51.14.000,5.395,0.115,0.626,1.223
1682855474011,2023-04-30T14.51.14.011,5.406,0.234,0.846,1.228
1682855474021,2023-04-30T14.51.14.021,5.416,0.217,0.826,1.166
1682855474031,2023-04-30T14.51.14.031,5.426,0.105,0.778,1.032
1682855474041,2023-04-30T14.51.14.041,5.436,-0.082,0.523,0.756
1682855474052,2023-04-30T14.51.14.052,5.447,-0.228,0.321,0.573
1682855474061,2023-04-30T14.51.14.061,5.456,-0.223,0.006,0.522
1682855474071,2023-04-30T14.51.14.071,5.466,-0.244,-0.227,0.472
1682855474083,2023-04-30T14.51.14.083,5.478,-0.234,-0.269,0.462
1682855474091,2023-04-30T14.51.14.091,5.486,-0.198,-0.228,0.442
1682855474102,2023-04-30T14.51.14.102,5.497,-0.192,-0.090,0.351
1682855474112,2023-04-30T14.51.14.112,5.507,-0.243,0.050,0.221
1682855474122,2023-04-30T14.51.14.122,5.517,-0.231,0.240,0.187
1682855474132,2023-04-30T14.51.14.132,5.527,-0.158,0.446,0.168
1682855474143,2023-04-30T14.51.14.143,5.538,-0.116,0.462,0.111
1682855474153,2023-04-30T14.51.14.153,5.548,-0.058,0.229,0.141
1682855474163,2023-04-30T14.51.14.163,5.558,-0.016,-0.147,0.157
1682855474172,2023-04-30T14.51.14.172,5.567,-0.052,-0.472,0.106
1682855474184,2023-04-30T14.51.14.184,5.579,-0.042,-0.559,0.070
1682855474192,2023-04-30T14.51.14.192,5.587,-0.015,-0.460,0.059
1682855474203,2023-04-30T14.51.14.203,5.598,-0.003,-0.357,0.034
1682855474213,2023-04-30T14.51.14.213,5.608,0.016,-0.221,0.028
1682855474223,2023-04-30T14.51.14.223,5.618,0.107,-0.099,0.110
1682855474233,2023-04-30T14.51.14.233,5.628,0.148,-0.030,0.133
1682855474244,2023-04-30T14.51.14.244,5.639,0.128,0.071,0.129
1682855474254,2023-04-30T14.51.14.254,5.649,0.145,0.071,0.142
1682855474264,2023-04-30T14.51.14.264,5.659,0.137,0.013,0.142
1682855474274,2023-04-30T14.51.14.274,5.669,0.086,-0.033,0.108
1682855474285,2023-04-30T14.51.14.285,5.680,-0.005,-0.086,0.006
1682855474293,2023-04-30T14.51.14.293,5.688,-0.020,-0.098,-0.021
1682855474304,2023-04-30T14.51.14.304,5.699,-0.025,-0.082,-0.008
1682855474314,2023-04-30T14.51.14.314,5.709,-0.035,-0.069,0.001
1682855474324,2023-04-30T14.51.14.324,5.719,-0.023,-0.071,0.029
1682855474334,2023-04-30T14.51.14.334,5.729,-0.005,-0.074,0.027
1682855474345,2023-04-30T14.51.14.345,5.740,-0.018,0.015,0.029
1682855474355,2023-04-30T14.51.14.355,5.750,0.017,0.043,0.023
1682855474365,2023-04-30T14.51.14.365,5.760,0.032,0.062,0.024
1682855474375,2023-04-30T14.51.14.375,5.770,0.037,0.072,0.029
1682855474386,2023-04-30T14.51.14.386,5.781,0.026,0.053,0.020
1682855474396,2023-04-30T14.51.14.396,5.791,0.006,0.019,0.015
1682855474406,2023-04-30T14.51.14.406,5.801,0.000,-0.042,-0.005
1682855474415,2023-04-30T14.51.14.415,5.810,-0.006,-0.066,-0.010
1682855474425,2023-04-30T14.51.14.425,5.820,-0.008,-0.035,-0.001
1682855474436,2023-04-30T14.51.14.436,5.831,-0.017,-0.010,-0.005
1682855474446,2023-04-30T14.51.14.446,5.841,-0.029,-0.012,-0.006
1682855474456,2023-04-30T14.51.14.456,5.851,-0.018,-0.042,-0.001
1682855474466,2023-04-30T14.51.14.466,5.861,-0.022,-0.060,-0.016
1682855474477,2023-04-30T14.51.14.477,5.872,-0.035,-0.028,-0.018
1682855474487,2023-04-30T14.51.14.487,5.882,-0.029,-0.030,-0.022
1682855474497,2023-04-30T14.51.14.497,5.892,-0.040,-0.013,-0.030
1682855474507,2023-04-30T14.51.14.507,5.902,-0.002,-0.026,0.000
1682855474516,2023-04-30T14.51.14.516,5.911,0.002,-0.028,-0.006
1682855474526,2023-04-30T14.51.14.526,5.921,-0.012,-0.016,-0.012
1682855474537,2023-04-30T14.51.14.537,5.932,-0.001,-0.075,-0.017
1682855474547,2023-04-30T14.51.14.547,5.942,0.000,-0.092,-0.003
1682855474557,2023-04-30T14.51.14.557,5.952,-0.002,-0.088,-0.020
1682855474567,2023-04-30T14.51.14.567,5.962,0.006,-0.068,-0.024
1682855474578,2023-04-30T14.51.14.578,5.973,0.002,-0.013,-0.020
1682855474588,2023-04-30T14.51.14.588,5.983,-0.003,0.013,-0.033
1682855474598,2023-04-30T14.51.14.598,5.993,-0.011,0.002,-0.044
1682855474608,2023-04-30T14.51.14.608,6.003,0.017,-0.013,-0.011
1682855474619,2023-04-30T14.51.14.619,6.014,0.007,-0.021,-0.015
1682855474629,2023-04-30T14.51.14.629,6.024,-0.014,-0.007,-0.017
1682855474638,2023-04-30T14.51.14.638,6.033,0.004,-0.032,-0.002
1682855474649,2023-04-30T14.51.14.649,6.044,0.034,-0.080,0.024
1682855474658,2023-04-30T14.51.14.658,6.053,0.026,-0.098,0.022
1682855474668,2023-04-30T14.51.14.668,6.063,-0.013,-0.107,-0.011
1682855474679,2023-04-30T14.51.14.679,6.074,-0.021,-0.067,-0.012
1682855474689,2023-04-30T14.51.14.689,6.084,-0.005,-0.004,0.008
1682855474699,2023-04-30T14.51.14.699,6.094,0.006,0.022,0.008
1682855474709,2023-04-30T14.51.14.709,6.104,0.011,0.034,-0.001
1682855474720,2023-04-30T14.51.14.720,6.115,0.026,0.033,0.007
1682855474730,2023-04-30T14.51.14.730,6.125,0.014,-0.004,-0.013
1682855474739,2023-04-30T14.51.14.739,6.134,-0.006,-0.030,-0.019
1682855474749,2023-04-30T14.51.14.749,6.144,-0.016,-0.030,-0.017
1682855474759,2023-04-30T14.51.14.759,6.154,-0.022,-0.045,-0.026
1682855474770,2023-04-30T14.51.14.770,6.165,-0.024,-0.060,-0.019
1682855474780,2023-04-30T14.51.14.780,6.175,-0.014,-0.075,-0.015
1682855474790,2023-04-30T14.51.14.790,6.185,-0.006,-0.065,-0.003
1682855474800,2023-04-30T14.51.14.800,6.195,0.012,-0.035,0.012
1682855474811,2023-04-30T14.51.14.811,6.206,0.013,-0.013,0.001
1682855474821,2023-04-30T14.51.14.821,6.216,-0.015,0.006,-0.023
1682855474831,2023-04-30T14.51.14.831,6.226,0.012,-0.006,-0.006
1682855474841,2023-04-30T14.51.14.841,6.236,0.014,-0.004,0.012
1682855474850,2023-04-30T14.51.14.850,6.245,0.018,0.005,0.015
1682855474860,2023-04-30T14.51.14.860,6.255,0.022,-0.008,0.019
1682855474871,2023-04-30T14.51.14.871,6.266,0.031,-0.033,0.020
1682855474881,2023-04-30T14.51.14.881,6.276,0.019,-0.025,0.015
1682855474891,2023-04-30T14.51.14.891,6.286,0.007,0.001,0.013
1682855474901,2023-04-30T14.51.14.901,6.296,0.006,-0.023,-0.002
1682855474912,2023-04-30T14.51.14.912,6.307,-0.005,-0.024,-0.006
1682855474922,2023-04-30T14.51.14.922,6.317,0.010,0.008,0.007
1682855474932,2023-04-30T14.51.14.932,6.327,-0.009,0.014,-0.004
1682855474942,2023-04-30T14.51.14.942,6.337,0.008,-0.032,-0.002
1682855474953,2023-04-30T14.51.14.953,6.348,0.025,-0.040,0.011
1682855474961,2023-04-30T14.51.14.961,6.356,-0.002,-0.027,-0.006
1682855474973,2023-04-30T14.51.14.973,6.368,-0.005,-0.035,-0.014
1682855474982,2023-04-30T14.51.14.982,6.377,0.005,-0.033,0.008
1682855474992,2023-04-30T14.51.14.992,6.387,0.012,-0.029,0.026
1682855475002,2023-04-30T14.51.15.002,6.397,0.020,-0.059,0.016
1682855475013,2023-04-30T14.51.15.013,6.408,0.005,-0.039,-0.003
1682855475023,2023-04-30T14.51.15.023,6.418,0.003,-0.004,-0.012
1682855475033,2023-04-30T14.51.15.033,6.428,-0.016,-0.013,-0.024
1682855475043,2023-04-30T14.51.15.043,6.438,0.010,-0.031,0.000
1682855475054,2023-04-30T14.51.15.054,6.449,0.015,-0.035,0.010
1682855475064,2023-04-30T14.51.15.064,6.459,0.010,-0.052,0.006
1682855475073,2023-04-30T14.51.15.073,6.468,0.017,-0.062,0.011
1682855475083,2023-04-30T14.51.15.083,6.478,0.016,-0.037,0.016
1682855475093,2023-04-30T14.51.15.093,6.488,0.019,-0.022,0.014
1682855475104,2023-04-30T14.51.15.104,6.499,0.019,-0.017,0.018
1682855475114,2023-04-30T14.51.15.114,6.509,0.022,-0.016,0.025
1682855475124,2023-04-30T14.51.15.124,6.519,0.018,-0.029,0.011
1682855475134,2023-04-30T14.51.15.134,6.529,-0.001,-0.013,0.001
1682855475145,2023-04-30T14.51.15.145,6.540,-0.008,0.011,0.009
1682855475155,2023-04-30T14.51.15.155,6.550,-0.019,-0.005,0.002
1682855475165,2023-04-30T14.51.15.165,6.560,-0.009,-0.020,0.019
1682855475175,2023-04-30T14.51.15.175,6.570,0.005,-0.032,0.022
1682855475184,2023-04-30T14.51.15.184,6.579,-0.012,-0.016,0.017
1682855475194,2023-04-30T14.51.15.194,6.589,-0.019,-0.009,0.006
1682855475205,2023-04-30T14.51.15.205,6.600,-0.017,0.001,-0.001
1682855475216,2023-04-30T14.51.15.216,6.611,-0.012,0.017,0.003
1682855475225,2023-04-30T14.51.15.225,6.620,-0.014,0.005,-0.015
1682855475235,2023-04-30T14.51.15.235,6.630,-0.027,-0.008,-0.023
1682855475246,2023-04-30T14.51.15.246,6.641,-0.021,-0.012,-0.007
1682855475256,2023-04-30T14.51.15.256,6.651,-0.022,-0.039,-0.001
1682855475266,2023-04-30T14.51.15.266,6.661,-0.016,-0.052,0.008
1682855475276,2023-04-30T14.51.15.276,6.671,-0.009,-0.056,0.002
1682855475287,2023-04-30T14.51.15.287,6.682,-0.007,-0.037,0.000
1682855475297,2023-04-30T14.51.15.297,6.692,-0.005,-0.003,0.011
1682855475306,2023-04-30T14.51.15.306,6.701,0.008,-0.011,0.015
1682855475316,2023-04-30T14.51.15.316,6.711,0.012,-0.006,0.019
1682855475326,2023-04-30T14.51.15.326,6.721,0.010,0.019,0.010
1682855475336,2023-04-30T14.51.15.336,6.731,0.022,0.001,0.020
1682855475347,2023-04-30T14.51.15.347,6.742,0.016,-0.017,0.015
1682855475357,2023-04-30T14.51.15.357,6.752,-0.003,-0.014,0.016
1682855475367,2023-04-30T14.51.15.367,6.762,0.000,-0.050,0.004
1682855475377,2023-04-30T14.51.15.377,6.772,-0.023,-0.055,-0.010
1682855475388,2023-04-30T14.51.15.388,6.783,0.004,-0.059,0.008
1682855475398,2023-04-30T14.51.15.398,6.793,-0.001,-0.035,0.014
1682855475408,2023-04-30T14.51.15.408,6.803,-0.007,-0.016,0.016
1682855475417,2023-04-30T14.51.15.417,6.812,-0.003,-0.042,0.007
1682855475427,2023-04-30T14.51.15.427,6.822,0.000,-0.024,0.008
1682855475437,2023-04-30T14.51.15.437,6.832,-0.008,0.012,0.006
1682855475448,2023-04-30T14.51.15.448,6.843,-0.017,0.028,-0.013
1682855475459,2023-04-30T14.51.15.459,6.854,-0.004,0.021,-0.008
1682855475468,2023-04-30T14.51.15.468,6.863,0.015,-0.002,0.023
1682855475479,2023-04-30T14.51.15.479,6.874,-0.001,-0.036,0.012
1682855475489,2023-04-30T14.51.15.489,6.884,-0.017,-0.042,-0.001
1682855475499,2023-04-30T14.51.15.499,6.894,-0.011,-0.027,0.007
1682855475509,2023-04-30T14.51.15.509,6.904,0.003,-0.017,0.016
1682855475518,2023-04-30T14.51.15.518,6.913,0.016,-0.024,0.029
1682855475528,2023-04-30T14.51.15.528,6.923,0.011,-0.028,0.025
1682855475540,2023-04-30T14.51.15.540,6.935,-0.004,-0.027,0.012
1682855475549,2023-04-30T14.51.15.549,6.944,-0.003,-0.058,0.012
1682855475559,2023-04-30T14.51.15.559,6.954,0.004,-0.063,0.019
1682855475569,2023-04-30T14.51.15.569,6.964,0.004,-0.035,0.013
1682855475580,2023-04-30T14.51.15.580,6.975,0.001,0.005,0.001
1682855475590,2023-04-30T14.51.15.590,6.985,0.011,0.038,0.010
1682855475600,2023-04-30T14.51.15.600,6.995,0.008,0.031,0.018
1682855475610,2023-04-30T14.51.15.610,7.005,0.012,-0.002,0.029
1682855475621,2023-04-30T14.51.15.621,7.016,0.015,-0.029,0.027
1682855475629,2023-04-30T14.51.15.629,7.024,0.011,-0.045,0.023
1682855475640,2023-04-30T14.51.15.640,7.035,-0.002,-0.033,0.006
1682855475650,2023-04-30T14.51.15.650,7.045,-0.005,-0.017,-0.001
1682855475660,2023-04-30T14.51.15.660,7.055,0.000,-0.001,-0.002
1682855475670,2023-04-30T14.51.15.670,7.065,-0.009,0.009,-0.004
1682855475681,2023-04-30T14.51.15.681,7.076,-0.007,-0.010,0.001
1682855475691,2023-04-30T14.51.15.691,7.086,-0.011,-0.033,-0.005
1682855475701,2023-04-30T14.51.15.701,7.096,-0.014,-0.039,-0.007
1682855475711,2023-04-30T14.51.15.711,7.106,-0.013,-0.036,-0.003
1682855475722,2023-04-30T14.51.15.722,7.117,-0.001,-0.035,0.014
1682855475732,2023-04-30T14.51.15.732,7.127,0.003,-0.026,0.012
1682855475742,2023-04-30T14.51.15.742,7.137,0.010,-0.011,0.013
1682855475751,2023-04-30T14.51.15.751,7.146,0.032,0.002,0.028
1682855475761,2023-04-30T14.51.15.761,7.156,0.041,-0.012,0.038
1682855475771,2023-04-30T14.51.15.771,7.166,0.011,-0.048,0.022
1682855475782,2023-04-30T14.51.15.782,7.177,0.004,-0.085,0.010
1682855475792,2023-04-30T14.51.15.792,7.187,0.021,-0.099,0.030
1682855475802,2023-04-30T14.51.15.802,7.197,0.014,-0.066,0.014
1682855475812,2023-04-30T14.51.15.812,7.207,0.012,-0.019,0.016
1682855475823,2023-04-30T14.51.15.823,7.218,0.033,-0.008,0.027
1682855475833,2023-04-30T14.51.15.833,7.228,0.034,-0.008,0.024
1682855475843,2023-04-30T14.51.15.843,7.238,0.032,-0.015,0.032
1682855475854,2023-04-30T14.51.15.854,7.249,0.027,-0.023,0.040
1682855475864,2023-04-30T14.51.15.864,7.259,0.002,-0.032,0.012
1682855475873,2023-04-30T14.51.15.873,7.268,-0.007,-0.052,0.003
1682855475883,2023-04-30T14.51.15.883,7.278,-0.007,-0.048,0.007
1682855475893,2023-04-30T14.51.15.893,7.288,-0.010,-0.025,0.009
1682855475903,2023-04-30T14.51.15.903,7.298,-0.015,-0.007,-0.002
1682855475914,2023-04-30T14.51.15.914,7.309,-0.010,-0.004,0.005
1682855475924,2023-04-30T14.51.15.924,7.319,-0.006,-0.006,0.008
1682855475934,2023-04-30T14.51.15.934,7.329,-0.013,0.005,-0.003
1682855475944,2023-04-30T14.51.15.944,7.339,-0.009,0.004,0.003
1682855475955,2023-04-30T14.51.15.955,7.350,0.000,-0.009,0.012
1682855475963,2023-04-30T14.51.15.963,7.358,-0.001,-0.006,0.019
1682855475974,2023-04-30T14.51.15.974,7.369,-0.011,-0.022,0.016
1682855475984,2023-04-30T14.51.15.984,7.379,-0.028,-0.046,-0.010
1682855475994,2023-04-30T14.51.15.994,7.389,0.008,-0.055,0.016
1682855476004,2023-04-30T14.51.16.004,7.399,0.001,-0.032,0.005
1682855476015,2023-04-30T14.51.16.015,7.410,-0.015,0.004,0.000
1682855476025,2023-04-30T14.51.16.025,7.420,-0.019,0.008,-0.001
1682855476035,2023-04-30T14.51.16.035,7.430,-0.012,-0.009,0.007
1682855476045,2023-04-30T14.51.16.045,7.440,-0.002,-0.026,0.013
1682855476056,2023-04-30T14.51.16.056,7.451,-0.016,-0.012,-0.001
1682855476066,2023-04-30T14.51.16.066,7.461,-0.005,-0.008,0.013
1682855476075,2023-04-30T14.51.16.075,7.470,-0.010,-0.033,-0.011
1682855476085,2023-04-30T14.51.16.085,7.480,-0.025,-0.022,-0.026
1682855476097,2023-04-30T14.51.16.097,7.492,-0.017,-0.006,-0.011
1682855476107,2023-04-30T14.51.16.107,7.502,-0.009,-0.025,-0.006
1682855476116,2023-04-30T14.51.16.116,7.511,-0.014,-0.049,-0.002
1682855476126,2023-04-30T14.51.16.126,7.521,-0.011,-0.064,0.012
1682855476136,2023-04-30T14.51.16.136,7.531,0.003,-0.058,0.024
1682855476146,2023-04-30T14.51.16.146,7.541,0.009,-0.028,0.024
1682855476157,2023-04-30T14.51.16.157,7.552,-0.004,-0.012,0.004
1682855476167,2023-04-30T14.51.16.167,7.562,-0.007,0.000,-0.002
1682855476177,2023-04-30T14.51.16.177,7.572,0.000,-0.006,0.011
1682855476187,2023-04-30T14.51.16.187,7.582,0.012,-0.031,0.019
1682855476196,2023-04-30T14.51.16.196,7.591,0.014,-0.049,0.015
1682855476207,2023-04-30T14.51.16.207,7.602,0.003,-0.037,0.017
1682855476217,2023-04-30T14.51.16.217,7.612,-0.013,-0.027,0.001
1682855476227,2023-04-30T14.51.16.227,7.622,-0.029,-0.026,-0.016
1682855476237,2023-04-30T14.51.16.237,7.632,-0.008,-0.025,0.000
1682855476248,2023-04-30T14.51.16.248,7.643,0.007,-0.006,0.015
1682855476258,2023-04-30T14.51.16.258,7.653,0.021,0.005,0.031
1682855476268,2023-04-30T14.51.16.268,7.663,0.019,0.005,0.025
1682855476278,2023-04-30T14.51.16.278,7.673,-0.018,-0.001,-0.007
1682855476289,2023-04-30T14.51.16.289,7.684,-0.015,-0.051,-0.006
1682855476299,2023-04-30T14.51.16.299,7.694,-0.019,-0.080,-0.013
1682855476309,2023-04-30T14.51.16.309,7.704,-0.043,-0.066,-0.033
1682855476318,2023-04-30T14.51.16.318,7.713,-0.043,-0.026,-0.022
1682855476328,2023-04-30T14.51.16.328,7.723,0.001,-0.006,0.014
1682855476338,2023-04-30T14.51.16.338,7.733,0.030,0.001,0.038
1682855476349,2023-04-30T14.51.16.349,7.744,0.026,-0.005,0.035
1682855476359,2023-04-30T14.51.16.359,7.754,0.023,-0.019,0.031
1682855476369,2023-04-30T14.51.16.369,7.764,0.014,-0.027,0.025
1682855476379,2023-04-30T14.51.16.379,7.774,-0.017,-0.030,-0.007
1682855476390,2023-04-30T14.51.16.390,7.785,-0.064,-0.037,-0.042
1682855476400,2023-04-30T14.51.16.400,7.795,-0.023,-0.038,-0.013
1682855476409,2023-04-30T14.51.16.409,7.804,0.005,-0.022,0.006
1682855476419,2023-04-30T14.51.16.419,7.814,0.001,0.003,0.013
1682855476431,2023-04-30T14.51.16.431,7.826,0.009,0.005,0.015
1682855476439,2023-04-30T14.51.16.439,7.834,0.010,-0.009,0.011
1682855476450,2023-04-30T14.51.16.450,7.845,0.013,-0.026,0.020
1682855476460,2023-04-30T14.51.16.460,7.855,0.010,-0.044,0.017
1682855476470,2023-04-30T14.51.16.470,7.865,-0.005,-0.037,0.005
1682855476480,2023-04-30T14.51.16.480,7.875,-0.049,-0.015,-0.032
1682855476491,2023-04-30T14.51.16.491,7.886,-0.027,-0.021,-0.027
1682855476501,2023-04-30T14.51.16.501,7.896,0.002,-0.019,-0.005
1682855476511,2023-04-30T14.51.16.511,7.906,-0.003,0.027,0.009
1682855476520,2023-04-30T14.51.16.520,7.915,0.008,0.025,0.022
1682855476530,2023-04-30T14.51.16.530,7.925,0.002,-0.006,0.025
1682855476541,2023-04-30T14.51.16.541,7.936,-0.001,-0.032,0.033
1682855476551,2023-04-30T14.51.16.551,7.946,-0.007,-0.047,0.027
1682855476561,2023-04-30T14.51.16.561,7.956,-0.030,-0.023,0.005
1682855476571,2023-04-30T14.51.16.571,7.966,-0.043,0.010,-0.005
1682855476582,2023-04-30T14.51.16.582,7.977,-0.051,0.026,-0.023
1682855476592,2023-04-30T14.51.16.592,7.987,-0.056,0.019,-0.024
1682855476602,2023-04-30T14.51.16.602,7.997,-0.041,0.000,-0.002
1682855476612,2023-04-30T14.51.16.612,8.007,-0.038,-0.010,0.015
1682855476623,2023-04-30T14.51.16.623,8.018,-0.030,-0.020,0.026
1682855476633,2023-04-30T14.51.16.633,8.028,-0.040,0.002,0.011
1682855476642,2023-04-30T14.51.16.642,8.037,-0.046,0.032,-0.017
1682855476652,2023-04-30T14.51.16.652,8.047,-0.041,0.067,-0.050
1682855476662,2023-04-30T14.51.16.662,8.057,-0.045,0.106,-0.080
1682855476674,2023-04-30T14.51.16.674,8.069,-0.025,0.061,-0.086
1682855476683,2023-04-30T14.51.16.683,8.078,0.054,0.000,-0.088
1682855476693,2023-04-30T14.51.16.693,8.088,0.163,-0.012,-0.079
1682855476703,2023-04-30T14.51.16.703,8.098,0.322,-0.018,-0.067
1682855476713,2023-04-30T14.51.16.713,8.108,0.590,-0.056,-0.066
1682855476724,2023-04-30T14.51.16.724,8.119,0.912,-0.281,-0.168
1682855476734,2023-04-30T14.51.16.734,8.129,1.181,-0.709,-0.302
1682855476744,2023-04-30T14.51.16.744,8.139,1.412,-1.217,-0.307
1682855476754,2023-04-30T14.51.16.754,8.149,1.663,-1.800,-0.179
1682855476763,2023-04-30T14.51.16.763,8.158,1.864,-2.403,0.002
1682855476773,2023-04-30T14.51.16.773,8.168,2.040,-2.789,0.300
1682855476784,2023-04-30T14.51.16.784,8.179,2.275,-2.762,0.768
1682855476794,2023-04-30T14.51.16.794,8.189,2.286,-2.356,1.157
1682855476804,2023-04-30T14.51.16.804,8.199,2.090,-1.585,1.389
1682855476814,2023-04-30T14.51.16.814,8.209,1.804,-0.715,1.476
1682855476825,2023-04-30T14.51.16.825,8.220,1.460,0.008,1.464
1682855476835,2023-04-30T14.51.16.835,8.230,0.950,0.424,1.340
1682855476845,2023-04-30T14.51.16.845,8.240,0.267,0.415,0.990
1682855476854,2023-04-30T14.51.16.854,8.249,-0.389,0.395,0.645
1682855476864,2023-04-30T14.51.16.864,8.259,-0.878,0.365,0.438
1682855476875,2023-04-30T14.51.16.875,8.270,-1.051,0.334,0.404
1682855476885,2023-04-30T14.51.16.885,8.280,-1.034,0.549,0.480
1682855476895,2023-04-30T14.51.16.895,8.290,-0.995,0.947,0.603
1682855476905,2023-04-30T14.51.16.905,8.300,-0.994,1.161,0.631
1682855476916,2023-04-30T14.51.16.916,8.311,-1.078,1.253,0.494
1682855476926,2023-04-30T14.51.16.926,8.321,-1.211,1.289,0.338
1682855476936,2023-04-30T14.51.16.936,8.331,-1.312,1.104,0.149
1682855476946,2023-04-30T14.51.16.946,8.341,-1.417,1.033,-0.032
1682855476957,2023-04-30T14.51.16.957,8.352,-1.437,1.019,-0.133
1682855476965,2023-04-30T14.51.16.965,8.360,-1.373,0.892,-0.171
1682855476976,2023-04-30T14.51.16.976,8.371,-1.222,0.866,-0.062
1682855476986,2023-04-30T14.51.16.986,8.381,-0.982,0.838,0.147
1682855476998,2023-04-30T14.51.16.998,8.393,-0.806,0.751,0.265
1682855477006,2023-04-30T14.51.17.006,8.401,-0.729,0.595,0.290
1682855477017,2023-04-30T14.51.17.017,8.412,-0.687,0.374,0.252
1682855477027,2023-04-30T14.51.17.027,8.422,-0.758,0.299,0.082
1682855477037,2023-04-30T14.51.17.037,8.432,-0.889,0.242,-0.100
1682855477047,2023-04-30T14.51.17.047,8.442,-0.862,0.232,-0.163
1682855477058,2023-04-30T14.51.17.058,8.453,-0.701,0.387,-0.103
1682855477068,2023-04-30T14.51.17.068,8.463,-0.477,0.505,0.028
1682855477078,2023-04-30T14.51.17.078,8.473,-0.339,0.487,0.123
1682855477087,2023-04-30T14.51.17.087,8.482,-0.214,0.222,0.162
1682855477097,2023-04-30T14.51.17.097,8.492,-0.129,0.080,0.185
1682855477107,2023-04-30T14.51.17.107,8.502,-0.054,-0.047,0.219
1682855477118,2023-04-30T14.51.17.118,8.513,-0.022,-0.198,0.174
1682855477128,2023-04-30T14.51.17.128,8.523,-0.061,-0.214,0.063
1682855477138,2023-04-30T14.51.17.138,8.533,-0.098,-0.141,-0.039
1682855477148,2023-04-30T14.51.17.148,8.543,-0.080,0.045,-0.088
1682855477159,2023-04-30T14.51.17.159,8.554,-0.042,0.296,-0.117
1682855477169,2023-04-30T14.51.17.169,8.564,0.020,0.442,-0.101
1682855477179,2023-04-30T14.51.17.179,8.574,0.134,0.370,0.001
1682855477189,2023-04-30T14.51.17.189,8.584,0.213,0.140,0.055
1682855477198,2023-04-30T14.51.17.198,8.593,0.220,-0.037,0.067
1682855477208,2023-04-30T14.51.17.208,8.603,0.146,-0.199,0.012
1682855477219,2023-04-30T14.51.17.219,8.614,0.026,-0.379,-0.117
1682855477229,2023-04-30T14.51.17.229,8.624,-0.051,-0.386,-0.195
1682855477239,2023-04-30T14.51.17.239,8.634,-0.016,-0.189,-0.174
1682855477250,2023-04-30T14.51.17.250,8.645,0.070,0.015,-0.086
1682855477260,2023-04-30T14.51.17.260,8.655,0.160,0.083,-0.003
1682855477270,2023-04-30T14.51.17.270,8.665,0.231,0.012,0.079
1682855477280,2023-04-30T14.51.17.280,8.675,0.265,-0.116,0.138
1682855477291,2023-04-30T14.51.17.291,8.686,0.200,-0.219,0.106
1682855477299,2023-04-30T14.51.17.299,8.694,0.100,-0.252,0.028
1682855477310,2023-04-30T14.51.17.310,8.705,0.040,-0.206,-0.015
1682855477321,2023-04-30T14.51.17.321,8.716,0.055,-0.144,-0.015
1682855477330,2023-04-30T14.51.17.330,8.725,0.035,-0.058,-0.035
1682855477340,2023-04-30T14.51.17.340,8.735,0.044,0.034,-0.019
1682855477351,2023-04-30T14.51.17.351,8.746,0.062,0.129,0.012
1682855477361,2023-04-30T14.51.17.361,8.756,0.048,0.124,0.020
1682855477371,2023-04-30T14.51.17.371,8.766,0.017,0.026,0.007
1682855477381,2023-04-30T14.51.17.381,8.776,-0.014,-0.068,-0.005
1682855477392,2023-04-30T14.51.17.392,8.787,-0.055,-0.128,-0.028
1682855477402,2023-04-30T14.51.17.402,8.797,-0.083,-0.156,-0.048
1682855477411,2023-04-30T14.51.17.411,8.806,-0.099,-0.127,-0.054
1682855477421,2023-04-30T14.51.17.421,8.816,-0.081,-0.069,-0.042
1682855477431,2023-04-30T14.51.17.431,8.826,-0.058,0.019,-0.024
1682855477441,2023-04-30T14.51.17.441,8.836,-0.037,0.108,0.003
1682855477452,2023-04-30T14.51.17.452,8.847,-0.029,0.129,-0.001
1682855477462,2023-04-30T14.51.17.462,8.857,-0.052,0.136,-0.011
1682855477472,2023-04-30T14.51.17.472,8.867,-0.057,0.114,0.004
1682855477482,2023-04-30T14.51.17.482,8.877,-0.068,0.022,0.004
1682855477493,2023-04-30T14.51.17.493,8.888,-0.095,-0.045,-0.011
1682855477503,2023-04-30T14.51.17.503,8.898,-0.124,-0.068,-0.039
1682855477513,2023-04-30T14.51.17.513,8.908,-0.136,-0.067,-0.075
1682855477523,2023-04-30T14.51.17.523,8.918,-0.098,-0.024,-0.059
1682855477532,2023-04-30T14.51.17.532,8.927,-0.044,0.028,-0.031
1682855477542,2023-04-30T14.51.17.542,8.937,-0.017,0.085,-0.008
1682855477553,2023-04-30T14.51.17.553,8.948,-0.010,0.087,0.011
1682855477563,2023-04-30T14.51.17.563,8.958,0.006,0.045,0.037
1682855477573,2023-04-30T14.51.17.573,8.968,0.011,-0.005,0.042
1682855477583,2023-04-30T14.51.17.583,8.978,0.006,-0.048,0.029
1682855477594,2023-04-30T14.51.17.594,8.989,-0.007,-0.052,-0.003
1682855477604,2023-04-30T14.51.17.604,8.999,-0.013,-0.027,-0.004
1682855477614,2023-04-30T14.51.17.614,9.009,-0.012,-0.032,-0.031
1682855477625,2023-04-30T14.51.17.625,9.020,-0.036,-0.047,-0.063
1682855477633,2023-04-30T14.51.17.633,9.028,0.001,-0.061,-0.040
1682855477645,2023-04-30T14.51.17.645,9.040,0.031,-0.051,-0.015
1682855477654,2023-04-30T14.51.17.654,9.049,0.035,0.001,-0.008
1682855477664,2023-04-30T14.51.17.664,9.059,0.057,0.058,0.015
1682855477674,2023-04-30T14.51.17.674,9.069,0.071,0.081,0.019
1682855477685,2023-04-30T14.51.17.685,9.080,0.057,0.099,0.027
1682855477695,2023-04-30T14.51.17.695,9.090,0.056,0.032,0.026
1682855477705,2023-04-30T14.51.17.705,9.100,-0.002,-0.051,-0.015
1682855477715,2023-04-30T14.51.17.715,9.110,-0.050,-0.110,-0.047
1682855477726,2023-04-30T14.51.17.726,9.121,-0.049,-0.138,-0.059
1682855477736,2023-04-30T14.51.17.736,9.131,-0.043,-0.092,-0.053
1682855477745,2023-04-30T14.51.17.745,9.140,-0.012,-0.032,-0.029
1682855477756,2023-04-30T14.51.17.756,9.151,-0.003,0.046,-0.008
1682855477765,2023-04-30T14.51.17.765,9.160,0.016,0.111,0.021
1682855477775,2023-04-30T14.51.17.775,9.170,0.033,0.104,0.038
1682855477786,2023-04-30T14.51.17.786,9.181,-0.002,0.034,0.020
1682855477796,2023-04-30T14.51.17.796,9.191,-0.051,-0.077,-0.011
1682855477806,2023-04-30T14.51.17.806,9.201,-0.055,-0.137,-0.020
1682855477816,2023-04-30T14.51.17.816,9.211,-0.064,-0.103,-0.024
1682855477827,2023-04-30T14.51.17.827,9.222,-0.058,-0.071,-0.029
1682855477837,2023-04-30T14.51.17.837,9.232,-0.046,-0.016,-0.008
1682855477847,2023-04-30T14.51.17.847,9.242,-0.050,0.041,-0.014
1682855477857,2023-04-30T14.51.17.857,9.252,-0.042,0.040,0.003
1682855477866,2023-04-30T14.51.17.866,9.261,-0.018,-0.036,0.029
1682855477878,2023-04-30T14.51.17.878,9.273,-0.062,-0.069,0.019
1682855477887,2023-04-30T14.51.17.887,9.282,-0.089,-0.112,-0.007
1682855477897,2023-04-30T14.51.17.897,9.292,-0.086,-0.110,-0.030
1682855477907,2023-04-30T14.51.17.907,9.302,-0.081,-0.048,-0.036
1682855477917,2023-04-30T14.51.17.917,9.312,-0.062,0.024,-0.037
1682855477928,2023-04-30T14.51.17.928,9.323,-0.058,0.088,-0.034
1682855477938,2023-04-30T14.51.17.938,9.333,-0.048,0.107,-0.025
1682855477948,2023-04-30T14.51.17.948,9.343,-0.017,0.085,-0.028
1682855477958,2023-04-30T14.51.17.958,9.353,0.002,0.076,-0.023
1682855477967,2023-04-30T14.51.17.967,9.362,0.021,0.084,0.001
1682855477978,2023-04-30T14.51.17.978,9.373,0.040,0.056,0.014
1682855477988,2023-04-30T14.51.17.988,9.383,0.065,0.022,0.034
1682855477998,2023-04-30T14.51.17.998,9.393,0.052,-0.012,0.043
1682855478008,2023-04-30T14.51.18.008,9.403,0.036,-0.072,0.030
1682855478019,2023-04-30T14.51.18.019,9.414,0.006,-0.117,-0.004
1682855478029,2023-04-30T14.51.18.029,9.424,-0.029,-0.100,-0.009
1682855478039,2023-04-30T14.51.18.039,9.434,-0.046,-0.087,-0.016
1682855478049,2023-04-30T14.51.18.049,9.444,-0.032,-0.067,-0.010
1682855478060,2023-04-30T14.51.18.060,9.455,-0.005,-0.044,0.012
1682855478070,2023-04-30T14.51.18.070,9.465,-0.007,-0.023,-0.001
1682855478079,2023-04-30T14.51.18.079,9.474,0.009,0.005,-0.011
1682855478089,2023-04-30T14.51.18.089,9.484,0.001,0.028,-0.005
1682855478099,2023-04-30T14.51.18.099,9.494,-0.012,-0.013,0.003
1682855478109,2023-04-30T14.51.18.109,9.504,-0.009,-0.053,0.007
1682855478120,2023-04-30T14.51.18.120,9.515,0.000,-0.036,0.018
1682855478130,2023-04-30T14.51.18.130,9.525,-0.008,-0.006,0.015
1682855478140,2023-04-30T14.51.18.140,9.535,-0.005,-0.010,0.003
1682855478150,2023-04-30T14.51.18.150,9.545,-0.042,0.012,-0.025
1682855478161,2023-04-30T14.51.18.161,9.556,-0.058,0.060,-0.043
1682855478171,2023-04-30T14.51.18.171,9.566,-0.046,0.079,-0.043
1682855478181,2023-04-30T14.51.18.181,9.576,-0.027,0.060,-0.035
1682855478190,2023-04-30T14.51.18.190,9.585,-0.027,0.032,-0.021
1682855478202,2023-04-30T14.51.18.202,9.597,-0.036,-0.051,-0.019
1682855478210,2023-04-30T14.51.18.210,9.605,-0.055,-0.101,-0.045
1682855478221,2023-04-30T14.51.18.221,9.616,-0.058,-0.082,-0.048
1682855478231,2023-04-30T14.51.18.231,9.626,-0.045,-0.034,-0.040
1682855478241,2023-04-30T14.51.18.241,9.636,-0.044,0.021,-0.046
1682855478251,2023-04-30T14.51.18.251,9.646,-0.076,0.045,-0.081
1682855478262,2023-04-30T14.51.18.262,9.657,-0.079,0.023,-0.070
1682855478272,2023-04-30T14.51.18.272,9.667,-0.040,-0.006,-0.015
1682855478282,2023-04-30T14.51.18.282,9.677,-0.030,0.004,0.010
1682855478291,2023-04-30T14.51.18.291,9.686,-0.051,0.037,0.011
1682855478301,2023-04-30T14.51.18.301,9.696,-0.035,0.003,0.021
1682855478313,2023-04-30T14.51.18.313,9.708,-0.033,-0.023,0.003
1682855478322,2023-04-30T14.51.18.322,9.717,-0.042,-0.005,0.004
1682855478332,2023-04-30T14.51.18.332,9.727,-0.023,-0.064,0.018
1682855478342,2023-04-30T14.51.18.342,9.737,-0.031,-0.125,0.003
1682855478353,2023-04-30T14.51.18.353,9.748,-0.032,-0.127,-0.003
1682855478363,2023-04-30T14.51.18.363,9.758,-0.041,-0.093,-0.009
1682855478373,2023-04-30T14.51.18.373,9.768,-0.042,-0.071,-0.004
1682855478383,2023-04-30T14.51.18.383,9.778,-0.019,-0.074,0.010
1682855478394,2023-04-30T14.51.18.394,9.789,0.023,-0.059,0.034
1682855478404,2023-04-30T14.51.18.404,9.799,0.031,-0.023,0.033
1682855478414,2023-04-30T14.51.18.414,9.809,0.036,-0.017,0.041
1682855478423,2023-04-30T14.51.18.423,9.818,0.037,-0.050,0.030
1682855478433,2023-04-30T14.51.18.433,9.828,0.007,-0.069,0.004
1682855478445,2023-04-30T14.51.18.445,9.840,-0.007,-0.088,-0.006
1682855478454,2023-04-30T14.51.18.454,9.849,-0.012,-0.094,-0.012
1682855478464,2023-04-30T14.51.18.464,9.859,0.002,-0.056,0.007
1682855478474,2023-04-30T14.51.18.474,9.869,0.009,-0.033,0.012
1682855478484,2023-04-30T14.51.18.484,9.879,0.023,-0.024,0.027
1682855478495,2023-04-30T14.51.18.495,9.890,0.025,-0.035,0.026
1682855478505,2023-04-30T14.51.18.505,9.900,0.020,-0.015,0.023
1682855478515,2023-04-30T14.51.18.515,9.910,0.023,-0.009,0.032
1682855478525,2023-04-30T14.51.18.525,9.920,0.024,-0.033,0.032
1682855478534,2023-04-30T14.51.18.534,9.929,0.011,-0.043,0.015
1682855478544,2023-04-30T14.51.18.544,9.939,0.002,-0.027,0.019
1682855478555,2023-04-30T14.51.18.555,9.950,-0.008,-0.023,0.009
1682855478565,2023-04-30T14.51.18.565,9.960,-0.022,-0.003,-0.008
1682855478575,2023-04-30T14.51.18.575,9.970,-0.017,0.000,0.003
1682855478585,2023-04-30T14.51.18.585,9.980,-0.004,-0.009,0.012
1682855478596,2023-04-30T14.51.18.596,9.991,-0.009,0.007,0.011
1682855478606,2023-04-30T14.51.18.606,10.001,0.004,-0.011,0.021
1682855478616,2023-04-30T14.51.18.616,10.011,0.010,-0.034,0.027
1682855478626,2023-04-30T14.51.18.626,10.021,0.003,-0.042,0.014
1682855478635,2023-04-30T14.51.18.635,10.030,-0.015,-0.049,0.004
1682855478646,2023-04-30T14.51.18.646,10.041,-0.011,-0.059,0.004
1682855478656,2023-04-30T14.51.18.656,10.051,-0.015,-0.065,0.004
1682855478666,2023-04-30T14.51.18.666,10.061,-0.016,-0.067,0.008
1682855478676,2023-04-30T14.51.18.676,10.071,-0.025,-0.054,0.005
1682855478687,2023-04-30T14.51.18.687,10.082,-0.006,-0.069,0.012
1682855478697,2023-04-30T14.51.18.697,10.092,-0.004,-0.067,0.008
1682855478707,2023-04-30T14.51.18.707,10.102,-0.028,-0.031,-0.010
1682855478717,2023-04-30T14.51.18.717,10.112,-0.005,-0.018,0.008
1682855478728,2023-04-30T14.51.18.728,10.123,0.001,-0.027,0.019
1682855478738,2023-04-30T14.51.18.738,10.133,0.009,-0.053,0.013
1682855478747,2023-04-30T14.51.18.747,10.142,0.006,-0.064,0.013
1682855478757,2023-04-30T14.51.18.757,10.152,-0.008,-0.055,-0.001
1682855478769,2023-04-30T14.51.18.769,10.164,-0.019,-0.017,-0.016
1682855478777,2023-04-30T14.51.18.777,10.172,-0.038,-0.006,-0.029
1682855478788,2023-04-30T14.51.18.788,10.183,-0.028,-0.032,-0.021
1682855478798,2023-04-30T14.51.18.798,10.193,-0.014,-0.039,-0.001
1682855478808,2023-04-30T14.51.18.808,10.203,-0.004,-0.051,0.008
1682855478818,2023-04-30T14.51.18.818,10.213,-0.011,-0.043,0.006
1682855478829,2023-04-30T14.51.18.829,10.224,-0.006,-0.027,0.007
1682855478839,2023-04-30T14.51.18.839,10.234,-0.014,-0.020,-0.001
1682855478849,2023-04-30T14.51.18.849,10.244,-0.003,-0.022,0.008
1682855478858,2023-04-30T14.51.18.858,10.253,-0.024,-0.018,-0.010
1682855478868,2023-04-30T14.51.18.868,10.263,-0.034,-0.031,-0.019
1682855478878,2023-04-30T14.51.18.878,10.273,-0.038,-0.036,-0.027
1682855478889,2023-04-30T14.51.18.889,10.284,-0.014,-0.030,0.004
1682855478899,2023-04-30T14.51.18.899,10.294,0.010,-0.025,0.019
1682855478909,2023-04-30T14.51.18.909,10.304,0.009,-0.020,0.017
1682855478919,2023-04-30T14.51.18.919,10.314,0.022,-0.031,0.019
1682855478930,2023-04-30T14.51.18.930,10.325,0.024,-0.018,0.025
1682855478940,2023-04-30T14.51.18.940,10.335,0.014,-0.022,0.017
1682855478950,2023-04-30T14.51.18.950,10.345,0.003,-0.023,0.000
1682855478960,2023-04-30T14.51.18.960,10.355,0.003,-0.017,0.005
1682855478969,2023-04-30T14.51.18.969,10.364,0.011,-0.022,0.007
1682855478979,2023-04-30T14.51.18.979,10.374,0.006,-0.019,-0.005
1682855478990,2023-04-30T14.51.18.990,10.385,-0.014,-0.004,-0.013
1682855479000,2023-04-30T14.51.19.000,10.395,-0.018,-0.027,-0.014
1682855479010,2023-04-30T14.51.19.010,10.405,-0.017,-0.051,-0.011
1682855479021,2023-04-30T14.51.19.021,10.416,-0.011,-0.037,0.001
1682855479031,2023-04-30T14.51.19.031,10.426,0.001,-0.019,0.019
1682855479041,2023-04-30T14.51.19.041,10.436,0.017,-0.013,0.024
1682855479051,2023-04-30T14.51.19.051,10.446,0.015,-0.003,0.016
1682855479062,2023-04-30T14.51.19.062,10.457,0.011,0.010,0.009
1682855479070,2023-04-30T14.51.19.070,10.465,-0.004,0.015,-0.009
1682855479081,2023-04-30T14.51.19.081,10.476,-0.028,0.003,-0.022
1682855479092,2023-04-30T14.51.19.092,10.487,-0.024,-0.036,-0.019
1682855479101,2023-04-30T14.51.19.101,10.496,-0.029,-0.045,-0.015
1682855479111,2023-04-30T14.51.19.111,10.506,-0.026,-0.042,-0.014
1682855479122,2023-04-30T14.51.19.122,10.517,-0.008,-0.026,0.006
1682855479132,2023-04-30T14.51.19.132,10.527,0.012,-0.003,0.019
1682855479142,2023-04-30T14.51.19.142,10.537,0.006,0.009,0.013
1682855479152,2023-04-30T14.51.19.152,10.547,-0.003,0.003,0.005
1682855479163,2023-04-30T14.51.19.163,10.558,-0.012,0.014,0.004
1682855479173,2023-04-30T14.51.19.173,10.568,-0.019,0.015,0.000
1682855479182,2023-04-30T14.51.19.182,10.577,-0.024,0.008,-0.012
1682855479192,2023-04-30T14.51.19.192,10.587,-0.029,-0.002,-0.016
1682855479202,2023-04-30T14.51.19.202,10.597,-0.033,-0.009,-0.016
1682855479212,2023-04-30T14.51.19.212,10.607,-0.021,-0.013,0.003
1682855479223,2023-04-30T14.51.19.223,10.618,-0.023,-0.042,0.008
1682855479233,2023-04-30T14.51.19.233,10.628,-0.036,-0.077,-0.003
1682855479243,2023-04-30T14.51.19.243,10.638,-0.040,-0.080,-0.008
1682855479253,2023-04-30T14.51.19.253,10.648,-0.043,-0.070,-0.016
1682855479264,2023-04-30T14.51.19.264,10.659,-0.044,-0.018,-0.015
1682855479274,2023-04-30T14.51.19.274,10.669,-0.044,0.031,-0.018
1682855479284,2023-04-30T14.51.19.284,10.679,-0.036,0.033,-0.020
1682855479294,2023-04-30T14.51.19.294,10.689,-0.040,0.016,-0.030
1682855479303,2023-04-30T14.51.19.303,10.698,-0.027,0.005,-0.018
1682855479313,2023-04-30T14.51.19.313,10.708,-0.020,-0.010,-0.003
1682855479324,2023-04-30T14.51.19.324,10.719,-0.023,-0.041,0.002
1682855479334,2023-04-30T14.51.19.334,10.729,-0.018,-0.066,0.005
1682855479344,2023-04-30T14.51.19.344,10.739,-0.009,-0.056,0.011
1682855479354,2023-04-30T14.51.19.354,10.749,-0.019,-0.049,0.003
1682855479365,2023-04-30T14.51.19.365,10.760,-0.024,-0.033,-0.002
1682855479375,2023-04-30T14.51.19.375,10.770,-0.010,-0.013,0.009
1682855479385,2023-04-30T14.51.19.385,10.780,-0.005,-0.021,0.004
1682855479396,2023-04-30T14.51.19.396,10.791,-0.021,-0.026,-0.006
1682855479406,2023-04-30T14.51.19.406,10.801,-0.024,-0.019,-0.011
1682855479416,2023-04-30T14.51.19.416,10.811,-0.018,-0.008,-0.003
1682855479425,2023-04-30T14.51.19.425,10.820,-0.015,-0.018,-0.002
1682855479435,2023-04-30T14.51.19.435,10.830,-0.019,-0.033,-0.012
1682855479445,2023-04-30T14.51.19.445,10.840,-0.019,-0.021,-0.014
1682855479456,2023-04-30T14.51.19.456,10.851,-0.008,-0.005,0.000
1682855479466,2023-04-30T14.51.19.466,10.861,-0.001,0.000,-0.002
1682855479476,2023-04-30T14.51.19.476,10.871,-0.005,0.013,-0.005
1682855479486,2023-04-30T14.51.19.486,10.881,-0.013,0.023,-0.007
1682855479497,2023-04-30T14.51.19.497,10.892,-0.012,-0.006,-0.003
1682855479507,2023-04-30T14.51.19.507,10.902,-0.015,-0.063,-0.010
1682855479516,2023-04-30T14.51.19.516,10.911,-0.016,-0.079,-0.005
1682855479526,2023-04-30T14.51.19.526,10.921,-0.005,-0.056,0.007
1682855479536,2023-04-30T14.51.19.536,10.931,0.006,-0.040,0.010
1682855479546,2023-04-30T14.51.19.546,10.941,-0.001,-0.018,0.000
1682855479557,2023-04-30T14.51.19.557,10.952,-0.013,-0.003,-0.013
1682855479567,2023-04-30T14.51.19.567,10.962,-0.025,-0.002,-0.028
1682855479577,2023-04-30T14.51.19.577,10.972,-0.027,-0.011,-0.021
1682855479587,2023-04-30T14.51.19.587,10.982,-0.019,-0.031,-0.025
1682855479598,2023-04-30T14.51.19.598,10.993,-0.024,-0.052,-0.028
1682855479608,2023-04-30T14.51.19.608,11.003,-0.021,-0.042,-0.020
1682855479618,2023-04-30T14.51.19.618,11.013,-0.010,-0.033,-0.009
1682855479627,2023-04-30T14.51.19.627,11.022,-0.017,-0.033,-0.008
1682855479637,2023-04-30T14.51.19.637,11.032,-0.002,-0.023,0.000
1682855479647,2023-04-30T14.51.19.647,11.042,0.006,0.004,0.011
1682855479659,2023-04-30T14.51.19.659,11.054,0.010,0.005,0.013
1682855479668,2023-04-30T14.51.19.668,11.063,0.005,0.013,0.009
1682855479678,2023-04-30T14.51.19.678,11.073,-0.005,0.016,0.000
1682855479688,2023-04-30T14.51.19.688,11.083,-0.013,-0.001,-0.008
1682855479699,2023-04-30T14.51.19.699,11.094,-0.004,-0.023,-0.007
1682855479709,2023-04-30T14.51.19.709,11.104,-0.004,-0.017,-0.001
1682855479719,2023-04-30T14.51.19.719,11.114,-0.008,-0.019,-0.002
1682855479729,2023-04-30T14.51.19.729,11.124,-0.005,-0.015,-0.006
1682855479740,2023-04-30T14.51.19.740,11.135,-0.016,-0.018,-0.014
1682855479749,2023-04-30T14.51.19.749,11.144,-0.009,-0.008,-0.002
1682855479759,2023-04-30T14.51.19.759,11.154,-0.006,-0.004,0.004
1682855479769,2023-04-30T14.51.19.769,11.164,-0.001,-0.019,0.010
1682855479779,2023-04-30T14.51.19.779,11.174,-0.012,-0.028,0.003
1682855479790,2023-04-30T14.51.19.790,11.185,-0.025,-0.025,-0.007
1682855479800,2023-04-30T14.51.19.800,11.195,-0.029,-0.021,-0.020
1682855479810,2023-04-30T14.51.19.810,11.205,-0.025,-0.008,-0.016
1682855479820,2023-04-30T14.51.19.820,11.215,-0.026,-0.003,-0.017
1682855479831,2023-04-30T14.51.19.831,11.226,-0.024,-0.007,-0.021
1682855479841,2023-04-30T14.51.19.841,11.236,-0.018,-0.021,-0.021
1682855479850,2023-04-30T14.51.19.850,11.245,-0.020,-0.004,-0.009
1682855479860,2023-04-30T14.51.19.860,11.255,-0.007,-0.022,0.013
1682855479870,2023-04-30T14.51.19.870,11.265,0.016,-0.035,0.030
1682855479880,2023-04-30T14.51.19.880,11.275,0.013,-0.038,0.028
1682855479891,2023-04-30T14.51.19.891,11.286,0.006,-0.046,0.017
1682855479901,2023-04-30T14.51.19.901,11.296,-0.002,-0.034,0.006
1682855479911,2023-04-30T14.51.19.911,11.306,-0.022,-0.025,-0.013
1682855479921,2023-04-30T14.51.19.921,11.316,-0.027,-0.022,-0.018
1682855479932,2023-04-30T14.51.19.932,11.327,-0.017,-0.022,-0.011
1682855479942,2023-04-30T14.51.19.942,11.337,-0.024,-0.016,-0.011
1682855479951,2023-04-30T14.51.19.951,11.346,-0.015,-0.028,-0.012
1682855479961,2023-04-30T14.51.19.961,11.356,-0.002,-0.035,0.004
1682855479973,2023-04-30T14.51.19.973,11.368,-0.008,-0.039,0.006
1682855479983,2023-04-30T14.51.19.983,11.378,-0.016,-0.054,-0.007
1682855479992,2023-04-30T14.51.19.992,11.387,-0.021,-0.042,-0.011
1682855480002,2023-04-30T14.51.20.002,11.397,-0.029,-0.015,-0.013
1682855480012,2023-04-30T14.51.20.012,11.407,-0.025,-0.003,-0.016
1682855480022,2023-04-30T14.51.20.022,11.417,-0.029,-0.002,-0.019
1682855480033,2023-04-30T14.51.20.033,11.428,-0.005,-0.028,0.001
1682855480043,2023-04-30T14.51.20.043,11.438,0.000,-0.007,0.013
1682855480053,2023-04-30T14.51.20.053,11.448,-0.006,0.015,0.012
1682855480063,2023-04-30T14.51.20.063,11.458,0.002,0.022,0.013
1682855480072,2023-04-30T14.51.20.072,11.467,-0.008,0.020,-0.007
1682855480083,2023-04-30T14.51.20.083,11.478,-0.028,-0.022,-0.015
1682855480093,2023-04-30T14.51.20.093,11.488,-0.002,-0.080,-0.002
1682855480103,2023-04-30T14.51.20.103,11.498,-0.003,-0.044,0.008
1682855480113,2023-04-30T14.51.20.113,11.508,-0.005,-0.003,0.011
1682855480124,2023-04-30T14.51.20.124,11.519,0.003,-0.002,0.007
1682855480134,2023-04-30T14.51.20.134,11.529,-0.001,-0.003,0.001
1682855480144,2023-04-30T14.51.20.144,11.539,-0.024,-0.020,-0.027
1682855480154,2023-04-30T14.51.20.154,11.549,-0.033,-0.025,-0.020
1682855480165,2023-04-30T14.51.20.165,11.560,-0.008,-0.025,0.003
1682855480175,2023-04-30T14.51.20.175,11.570,-0.016,0.011,0.000
1682855480184,2023-04-30T14.51.20.184,11.579,-0.018,0.015,-0.005
1682855480194,2023-04-30T14.51.20.194,11.589,0.005,-0.039,0.017
1682855480204,2023-04-30T14.51.20.204,11.599,0.000,-0.063,0.017
1682855480214,2023-04-30T14.51.20.214,11.609,-0.011,-0.053,0.004
1682855480225,2023-04-30T14.51.20.225,11.620,-0.001,0.002,0.015
1682855480235,2023-04-30T14.51.20.235,11.630,-0.005,0.039,-0.001
1682855480245,2023-04-30T14.51.20.245,11.640,-0.029,0.005,-0.030
1682855480255,2023-04-30T14.51.20.255,11.650,-0.046,-0.028,-0.040
1682855480266,2023-04-30T14.51.20.266,11.661,-0.040,-0.008,-0.025
1682855480276,2023-04-30T14.51.20.276,11.671,-0.029,0.014,-0.019
1682855480285,2023-04-30T14.51.20.285,11.680,-0.021,0.008,-0.012
1682855480295,2023-04-30T14.51.20.295,11.690,0.004,-0.030,0.009
1682855480307,2023-04-30T14.51.20.307,11.702,0.005,-0.043,0.020
1682855480315,2023-04-30T14.51.20.315,11.710,0.002,-0.035,0.010
1682855480326,2023-04-30T14.51.20.326,11.721,0.003,-0.024,0.009
1682855480336,2023-04-30T14.51.20.336,11.731,0.006,-0.017,0.008
1682855480346,2023-04-30T14.51.20.346,11.741,-0.005,-0.014,-0.002
1682855480356,2023-04-30T14.51.20.356,11.751,-0.017,-0.031,-0.012
1682855480367,2023-04-30T14.51.20.367,11.762,-0.021,-0.039,-0.013
1682855480377,2023-04-30T14.51.20.377,11.772,-0.018,-0.033,-0.007
1682855480387,2023-04-30T14.51.20.387,11.782,-0.009,-0.033,0.002
1682855480396,2023-04-30T14.51.20.396,11.791,-0.016,-0.031,-0.009
1682855480406,2023-04-30T14.51.20.406,11.801,-0.004,-0.048,0.005
1682855480416,2023-04-30T14.51.20.416,11.811,0.014,-0.057,0.015
1682855480427,2023-04-30T14.51.20.427,11.822,0.003,-0.020,0.011
1682855480437,2023-04-30T14.51.20.437,11.832,-0.010,-0.020,-0.020
1682855480447,2023-04-30T14.51.20.447,11.842,-0.017,-0.005,-0.019
1682855480458,2023-04-30T14.51.20.458,11.853,-0.006,-0.015,-0.001
1682855480468,2023-04-30T14.51.20.468,11.863,-0.010,-0.044,-0.006
1682855480478,2023-04-30T14.51.20.478,11.873,-0.010,-0.034,0.003
1682855480488,2023-04-30T14.51.20.488,11.883,-0.002,-0.038,0.008
1682855480499,2023-04-30T14.51.20.499,11.894,-0.010,-0.037,-0.007
1682855480509,2023-04-30T14.51.20.509,11.904,-0.015,-0.011,-0.010
1682855480518,2023-04-30T14.51.20.518,11.913,0.010,-0.017,0.007
1682855480528,2023-04-30T14.51.20.528,11.923,-0.004,0.005,0.000
1682855480538,2023-04-30T14.51.20.538,11.933,-0.013,0.002,-0.009
1682855480548,2023-04-30T14.51.20.548,11.943,-0.015,-0.029,-0.011
1682855480559,2023-04-30T14.51.20.559,11.954,-0.020,-0.033,-0.005
1682855480569,2023-04-30T14.51.20.569,11.964,-0.024,-0.037,-0.008
1682855480579,2023-04-30T14.51.20.579,11.974,-0.021,-0.031,-0.005
1682855480589,2023-04-30T14.51.20.589,11.984,-0.008,-0.024,0.009
1682855480600,2023-04-30T14.51.20.600,11.995,-0.013,-0.014,0.003
1682855480610,2023-04-30T14.51.20.610,12.005,-0.019,-0.002,-0.005
1682855480619,2023-04-30T14.51.20.619,12.014,-0.027,0.006,-0.013
1682855480630,2023-04-30T14.51.20.630,12.025,-0.028,0.004,-0.010
1682855480639,2023-04-30T14.51.20.639,12.034,-0.021,-0.004,-0.007
1682855480649,2023-04-30T14.51.20.649,12.044,-0.020,-0.006,-0.002
1682855480660,2023-04-30T14.51.20.660,12.055,-0.013,-0.014,-0.007
1682855480670,2023-04-30T14.51.20.670,12.065,-0.024,-0.013,-0.008
1682855480680,2023-04-30T14.51.20.680,12.075,-0.018,-0.035,-0.007
1682855480690,2023-04-30T14.51.20.690,12.085,-0.029,-0.045,-0.020
1682855480701,2023-04-30T14.51.20.701,12.096,-0.035,-0.028,-0.021
1682855480711,2023-04-30T14.51.20.711,12.106,-0.022,-0.016,-0.011
1682855480721,2023-04-30T14.51.20.721,12.116,-0.009,-0.018,-0.002
1682855480731,2023-04-30T14.51.20.731,12.126,-0.011,-0.009,-0.001
1682855480740,2023-04-30T14.51.20.740,12.135,-0.011,-0.019,-0.005
1682855480750,2023-04-30T14.51.20.750,12.145,0.001,-0.027,0.007
1682855480761,2023-04-30T14.51.20.761,12.156,-0.012,-0.025,-0.011
1682855480771,2023-04-30T14.51.20.771,12.166,-0.024,-0.016,-0.017
1682855480781,2023-04-30T14.51.20.781,12.176,-0.008,-0.023,-0.009
1682855480791,2023-04-30T14.51.20.791,12.186,-0.005,-0.036,-0.014
1682855480802,2023-04-30T14.51.20.802,12.197,-0.023,-0.021,-0.030
1682855480812,2023-04-30T14.51.20.812,12.207,0.000,0.000,-0.007
1682855480822,2023-04-30T14.51.20.822,12.217,0.012,-0.004,0.009
1682855480833,2023-04-30T14.51.20.833,12.228,0.021,0.002,0.013
1682855480841,2023-04-30T14.51.20.841,12.236,0.015,0.015,0.011
1682855480852,2023-04-30T14.51.20.852,12.247,0.019,0.000,0.011
1682855480862,2023-04-30T14.51.20.862,12.257,0.015,-0.018,0.012
1682855480874,2023-04-30T14.51.20.874,12.269,0.004,-0.026,0.003
1682855480882,2023-04-30T14.51.20.882,12.277,-0.012,-0.047,-0.008
1682855480893,2023-04-30T14.51.20.893,12.288,-0.011,-0.049,-0.006
1682855480903,2023-04-30T14.51.20.903,12.298,-0.021,-0.036,-0.015
1682855480913,2023-04-30T14.51.20.913,12.308,-0.018,-0.015,-0.007
1682855480923,2023-04-30T14.51.20.923,12.318,-0.011,-0.009,0.002
1682855480934,2023-04-30T14.51.20.934,12.329,-0.017,-0.001,-0.001
1682855480944,2023-04-30T14.51.20.944,12.339,-0.010,0.009,0.006
1682855480954,2023-04-30T14.51.20.954,12.349,-0.010,0.007,0.005
1682855480963,2023-04-30T14.51.20.963,12.358,-0.016,-0.017,0.007
1682855480973,2023-04-30T14.51.20.973,12.368,-0.021,-0.039,0.003
1682855480983,2023-04-30T14.51.20.983,12.378,-0.021,-0.053,0.010
1682855480994,2023-04-30T14.51.20.994,12.389,-0.033,-0.049,-0.004
1682855481004,2023-04-30T14.51.21.004,12.399,-0.033,-0.029,-0.009
1682855481014,2023-04-30T14.51.21.014,12.409,-0.035,-0.024,-0.013
1682855481024,2023-04-30T14.51.21.024,12.419,-0.035,-0.013,-0.014
1682855481035,2023-04-30T14.51.21.035,12.430,-0.027,-0.005,0.000
1682855481045,2023-04-30T14.51.21.045,12.440,-0.026,-0.013,-0.007
1682855481055,2023-04-30T14.51.21.055,12.450,-0.024,-0.022,-0.008
1682855481064,2023-04-30T14.51.21.064,12.459,-0.032,-0.025,-0.020
1682855481074,2023-04-30T14.51.21.074,12.469,-0.035,-0.023,-0.025
1682855481084,2023-04-30T14.51.21.084,12.479,-0.025,-0.029,-0.019
1682855481095,2023-04-30T14.51.21.095,12.490,-0.026,-0.030,-0.022
1682855481105,2023-04-30T14.51.21.105,12.500,-0.033,-0.019,-0.028
1682855481115,2023-04-30T14.51.21.115,12.510,-0.004,-0.025,-0.001
1682855481125,2023-04-30T14.51.21.125,12.520,0.008,-0.036,0.010
1682855481136,2023-04-30T14.51.21.136,12.531,0.008,-0.029,0.019
1682855481146,2023-04-30T14.51.21.146,12.541,0.022,-0.030,0.027
1682855481156,2023-04-30T14.51.21.156,12.551,0.012,-0.014,0.013
1682855481166,2023-04-30T14.51.21.166,12.561,0.001,-0.013,0.001
1682855481177,2023-04-30T14.51.21.177,12.572,-0.002,-0.013,-0.005
1682855481186,2023-04-30T14.51.21.186,12.581,-0.016,0.006,-0.014
1682855481197,2023-04-30T14.51.21.197,12.592,-0.009,0.001,-0.016
1682855481206,2023-04-30T14.51.21.206,12.601,0.011,-0.020,0.003
1682855481216,2023-04-30T14.51.21.216,12.611,0.014,-0.031,0.003
1682855481227,2023-04-30T14.51.21.227,12.622,0.014,-0.013,0.008
1682855481237,2023-04-30T14.51.21.237,12.632,0.015,-0.010,0.008
1682855481247,2023-04-30T14.51.21.247,12.642,0.020,-0.015,0.007
1682855481257,2023-04-30T14.51.21.257,12.652,0.012,-0.013,0.003
1682855481268,2023-04-30T14.51.21.268,12.663,0.007,-0.007,0.003
1682855481278,2023-04-30T14.51.21.278,12.673,-0.006,-0.005,-0.007
1682855481287,2023-04-30T14.51.21.287,12.682,-0.010,-0.013,-0.002
1682855481297,2023-04-30T14.51.21.297,12.692,-0.012,-0.023,-0.008
1682855481307,2023-04-30T14.51.21.307,12.702,-0.011,-0.007,-0.005
1682855481317,2023-04-30T14.51.21.317,12.712,-0.004,-0.002,-0.004
1682855481328,2023-04-30T14.51.21.328,12.723,0.002,-0.009,0.009
1682855481338,2023-04-30T14.51.21.338,12.733,0.007,-0.014,0.014
1682855481348,2023-04-30T14.51.21.348,12.743,0.004,-0.020,0.017
1682855481358,2023-04-30T14.51.21.358,12.753,-0.006,-0.027,0.010
1682855481369,2023-04-30T14.51.21.369,12.764,-0.020,-0.023,0.004
1682855481379,2023-04-30T14.51.21.379,12.774,-0.017,-0.017,0.006
1682855481389,2023-04-30T14.51.21.389,12.784,-0.029,-0.008,-0.018
1682855481399,2023-04-30T14.51.21.399,12.794,-0.046,0.002,-0.038
1682855481408,2023-04-30T14.51.21.408,12.803,-0.049,-0.006,-0.033
1682855481418,2023-04-30T14.51.21.418,12.813,-0.033,-0.035,-0.022
1682855481429,2023-04-30T14.51.21.429,12.824,-0.031,-0.043,-0.018
1682855481439,2023-04-30T14.51.21.439,12.834,-0.021,-0.051,-0.009
1682855481449,2023-04-30T14.51.21.449,12.844,-0.006,-0.045,0.002
1682855481459,2023-04-30T14.51.21.459,12.854,0.006,-0.028,0.014
1682855481470,2023-04-30T14.51.21.470,12.865,0.005,-0.027,0.011
1682855481480,2023-04-30T14.51.21.480,12.875,0.004,0.012,0.011
1682855481490,2023-04-30T14.51.21.490,12.885,0.012,0.036,0.018
1682855481500,2023-04-30T14.51.21.500,12.895,0.002,0.018,0.004
1682855481509,2023-04-30T14.51.21.509,12.904,0.003,0.000,0.000
1682855481521,2023-04-30T14.51.21.521,12.916,0.000,-0.003,0.002
1682855481530,2023-04-30T14.51.21.530,12.925,0.004,-0.021,0.001
1682855481540,2023-04-30T14.51.21.540,12.935,-0.002,-0.032,0.001
1682855481550,2023-04-30T14.51.21.550,12.945,0.002,-0.041,0.005
1682855481561,2023-04-30T14.51.21.561,12.956,-0.005,-0.038,-0.005
1682855481571,2023-04-30T14.51.21.571,12.966,-0.009,-0.022,-0.003
1682855481581,2023-04-30T14.51.21.581,12.976,-0.009,-0.023,-0.006
1682855481591,2023-04-30T14.51.21.591,12.986,-0.014,-0.037,-0.016
1682855481602,2023-04-30T14.51.21.602,12.997,-0.007,-0.034,-0.002
1682855481612,2023-04-30T14.51.21.612,13.007,0.002,-0.027,0.000
1682855481621,2023-04-30T14.51.21.621,13.016,-0.004,-0.011,-0.002
1682855481632,2023-04-30T14.51.21.632,13.027,-0.002,-0.016,-0.001
1682855481641,2023-04-30T14.51.21.641,13.036,-0.002,-0.025,0.000
1682855481651,2023-04-30T14.51.21.651,13.046,0.003,-0.012,0.006
1682855481662,2023-04-30T14.51.21.662,13.057,-0.002,-0.002,-0.008
1682855481672,2023-04-30T14.51.21.672,13.067,0.000,0.007,-0.003
1682855481682,2023-04-30T14.51.21.682,13.077,0.008,-0.006,0.004
1682855481692,2023-04-30T14.51.21.692,13.087,-0.003,-0.011,-0.003
1682855481703,2023-04-30T14.51.21.703,13.098,-0.002,-0.014,0.002
1682855481713,2023-04-30T14.51.21.713,13.108,-0.007,-0.026,-0.006
1682855481723,2023-04-30T14.51.21.723,13.118,-0.038,-0.001,-0.030
1682855481732,2023-04-30T14.51.21.732,13.127,-0.019,-0.003,-0.013
1682855481742,2023-04-30T14.51.21.742,13.137,-0.007,-0.009,-0.003
1682855481752,2023-04-30T14.51.21.752,13.147,-0.002,-0.004,0.007
1682855481763,2023-04-30T14.51.21.763,13.158,0.005,-0.018,0.014
1682855481773,2023-04-30T14.51.21.773,13.168,-0.012,-0.010,-0.009
1682855481783,2023-04-30T14.51.21.783,13.178,-0.016,-0.013,-0.012
1682855481793,2023-04-30T14.51.21.793,13.188,0.004,-0.022,0.005
1682855481804,2023-04-30T14.51.21.804,13.199,-0.017,-0.011,-0.007
1682855481814,2023-04-30T14.51.21.814,13.209,-0.024,-0.019,-0.015
1682855481824,2023-04-30T14.51.21.824,13.219,-0.019,-0.026,-0.009
1682855481834,2023-04-30T14.51.21.834,13.229,-0.010,-0.029,0.002
1682855481843,2023-04-30T14.51.21.843,13.238,-0.002,-0.023,0.011
1682855481854,2023-04-30T14.51.21.854,13.249,-0.004,-0.005,0.009
1682855481864,2023-04-30T14.51.21.864,13.259,0.000,-0.008,0.009
1682855481874,2023-04-30T14.51.21.874,13.269,-0.006,-0.021,0.002
1682855481884,2023-04-30T14.51.21.884,13.279,-0.015,-0.025,-0.012
1682855481895,2023-04-30T14.51.21.895,13.290,-0.020,-0.027,-0.019
1682855481905,2023-04-30T14.51.21.905,13.300,-0.023,-0.023,-0.018
1682855481915,2023-04-30T14.51.21.915,13.310,-0.025,-0.013,-0.017
1682855481925,2023-04-30T14.51.21.925,13.320,-0.016,-0.005,-0.005
1682855481936,2023-04-30T14.51.21.936,13.331,-0.001,-0.008,0.016
1682855481946,2023-04-30T14.51.21.946,13.341,0.005,-0.020,0.011
1682855481955,2023-04-30T14.51.21.955,13.350,-0.004,-0.004,0.001
1682855481965,2023-04-30T14.51.21.965,13.360,0.001,0.002,0.000
1682855481975,2023-04-30T14.51.21.975,13.370,-0.019,0.003,-0.014
1682855481985,2023-04-30T14.51.21.985,13.380,-0.025,-0.006,-0.018
1682855481996,2023-04-30T14.51.21.996,13.391,-0.015,-0.034,-0.007
1682855482006,2023-04-30T14.51.22.006,13.401,-0.018,-0.050,-0.007
1682855482016,2023-04-30T14.51.22.016,13.411,-0.011,-0.042,-0.002
1682855482026,2023-04-30T14.51.22.026,13.421,-0.001,-0.027,0.007
1682855482037,2023-04-30T14.51.22.037,13.432,-0.001,-0.009,0.011
1682855482047,2023-04-30T14.51.22.047,13.442,0.001,0.003,0.008
1682855482057,2023-04-30T14.51.22.057,13.452,0.003,0.013,0.008
1682855482066,2023-04-30T14.51.22.066,13.461,-0.006,0.004,-0.005
1682855482078,2023-04-30T14.51.22.078,13.473,-0.008,-0.018,-0.011
1682855482086,2023-04-30T14.51.22.086,13.481,-0.017,-0.040,-0.011
1682855482097,2023-04-30T14.51.22.097,13.492,-0.006,-0.043,-0.005
1682855482107,2023-04-30T14.51.22.107,13.502,-0.009,-0.033,-0.010
1682855482117,2023-04-30T14.51.22.117,13.512,0.005,-0.026,-0.003
1682855482127,2023-04-30T14.51.22.127,13.522,0.007,-0.016,0.002
1682855482138,2023-04-30T14.51.22.138,13.533,0.009,-0.018,0.008
1682855482148,2023-04-30T14.51.22.148,13.543,0.002,-0.023,-0.002
1682855482158,2023-04-30T14.51.22.158,13.553,-0.002,-0.037,-0.003
1682855482167,2023-04-30T14.51.22.167,13.562,-0.012,-0.028,-0.008
1682855482177,2023-04-30T14.51.22.177,13.572,-0.016,-0.010,-0.009
1682855482187,2023-04-30T14.51.22.187,13.582,-0.010,-0.016,-0.007
1682855482198,2023-04-30T14.51.22.198,13.593,-0.006,-0.019,-0.011
1682855482208,2023-04-30T14.51.22.208,13.603,-0.004,-0.003,-0.007
1682855482218,2023-04-30T14.51.22.218,13.613,0.006,0.007,0.007
1682855482229,2023-04-30T14.51.22.229,13.624,0.019,-0.010,0.018
1682855482239,2023-04-30T14.51.22.239,13.634,0.021,-0.027,0.025
1682855482249,2023-04-30T14.51.22.249,13.644,0.008,-0.039,0.009
1682855482259,2023-04-30T14.51.22.259,13.654,-0.008,-0.034,-0.002
1682855482270,2023-04-30T14.51.22.270,13.665,-0.003,-0.025,0.007
1682855482280,2023-04-30T14.51.22.280,13.675,-0.004,-0.020,-0.001
1682855482289,2023-04-30T14.51.22.289,13.684,-0.018,-0.013,-0.014
1682855482299,2023-04-30T14.51.22.299,13.694,-0.008,-0.013,-0.007
1682855482309,2023-04-30T14.51.22.309,13.704,-0.007,0.001,-0.006
1682855482319,2023-04-30T14.51.22.319,13.714,-0.013,-0.007,-0.015
1682855482330,2023-04-30T14.51.22.330,13.725,-0.001,-0.027,-0.002
1682855482340,2023-04-30T14.51.22.340,13.735,-0.006,-0.006,-0.005
1682855482350,2023-04-30T14.51.22.350,13.745,-0.015,0.002,-0.008
1682855482360,2023-04-30T14.51.22.360,13.755,0.004,-0.021,0.007
1682855482371,2023-04-30T14.51.22.371,13.766,-0.009,-0.017,0.010
1682855482381,2023-04-30T14.51.22.381,13.776,-0.009,-0.034,0.003
1682855482391,2023-04-30T14.51.22.391,13.786,-0.011,-0.037,0.001
1682855482401,2023-04-30T14.51.22.401,13.796,-0.018,-0.014,0.002
1682855482410,2023-04-30T14.51.22.410,13.805,-0.015,-0.009,0.000
1682855482420,2023-04-30T14.51.22.420,13.815,-0.019,0.000,-0.012
1682855482431,2023-04-30T14.51.22.431,13.826,-0.029,0.008,-0.015
1682855482441,2023-04-30T14.51.22.441,13.836,-0.017,-0.014,-0.010
1682855482451,2023-04-30T14.51.22.451,13.846,-0.013,-0.015,-0.006
1682855482461,2023-04-30T14.51.22.461,13.856,-0.009,-0.007,0.003
1682855482472,2023-04-30T14.51.22.472,13.867,-0.012,-0.022,-0.003
1682855482482,2023-04-30T14.51.22.482,13.877,-0.014,-0.017,0.003
1682855482492,2023-04-30T14.51.22.492,13.887,-0.012,-0.007,0.004
1682855482501,2023-04-30T14.51.22.501,13.896,-0.011,-0.007,0.003
1682855482511,2023-04-30T14.51.22.511,13.906,-0.013,-0.016,-0.002
1682855482521,2023-04-30T14.51.22.521,13.916,-0.013,-0.027,-0.008
1682855482532,2023-04-30T14.51.22.532,13.927,-0.010,-0.039,-0.013
1682855482542,2023-04-30T14.51.22.542,13.937,-0.010,-0.034,-0.012
1682855482552,2023-04-30T14.51.22.552,13.947,-0.002,-0.019,-0.001
1682855482562,2023-04-30T14.51.22.562,13.957,0.001,-0.018,0.008
1682855482573,2023-04-30T14.51.22.573,13.968,0.004,-0.027,0.008
1682855482583,2023-04-30T14.51.22.583,13.978,0.012,-0.021,0.016
1682855482593,2023-04-30T14.51.22.593,13.988,0.005,-0.008,0.001
1682855482604,2023-04-30T14.51.22.604,13.999,0.001,0.007,0.002
1682855482614,2023-04-30T14.51.22.614,14.009,0.002,0.002,0.002
1682855482623,2023-04-30T14.51.22.623,14.018,-0.021,-0.004,-0.018
1682855482633,2023-04-30T14.51.22.633,14.028,-0.017,-0.014,-0.021
1682855482645,2023-04-30T14.51.22.645,14.040,-0.006,-0.017,-0.008
1682855482653,2023-04-30T14.51.22.653,14.048,-0.004,-0.033,-0.003
1682855482664,2023-04-30T14.51.22.664,14.059,0.003,-0.039,0.007
1682855482674,2023-04-30T14.51.22.674,14.069,0.010,-0.030,0.021
1682855482684,2023-04-30T14.51.22.684,14.079,-0.001,-0.024,0.010
1682855482694,2023-04-30T14.51.22.694,14.089,-0.010,-0.015,-0.004
1682855482705,2023-04-30T14.51.22.705,14.100,-0.021,-0.021,-0.013
1682855482715,2023-04-30T14.51.22.715,14.110,-0.026,-0.012,-0.015
1682855482725,2023-04-30T14.51.22.725,14.120,-0.013,0.015,-0.004
1682855482734,2023-04-30T14.51.22.734,14.129,-0.010,0.012,-0.001
1682855482744,2023-04-30T14.51.22.744,14.139,-0.023,-0.012,-0.017
1682855482754,2023-04-30T14.51.22.754,14.149,-0.010,-0.021,0.004
1682855482765,2023-04-30T14.51.22.765,14.160,0.012,-0.020,0.020
1682855482775,2023-04-30T14.51.22.775,14.170,-0.005,0.010,0.006
1682855482785,2023-04-30T14.51.22.785,14.180,-0.007,-0.002,0.000
1682855482795,2023-04-30T14.51.22.795,14.190,-0.019,-0.027,-0.020
1682855482806,2023-04-30T14.51.22.806,14.201,-0.013,-0.023,0.003
1682855482816,2023-04-30T14.51.22.816,14.211,-0.001,-0.023,0.016
1682855482826,2023-04-30T14.51.22.826,14.221,-0.018,0.020,0.001
1682855482835,2023-04-30T14.51.22.835,14.230,-0.015,0.039,-0.012
1682855482847,2023-04-30T14.51.22.847,14.242,-0.017,0.015,-0.027
1682855482855,2023-04-30T14.51.22.855,14.250,-0.046,-0.010,-0.040
1682855482866,2023-04-30T14.51.22.866,14.261,-0.015,-0.035,-0.012
1682855482876,2023-04-30T14.51.22.876,14.271,-0.014,-0.001,-0.005
1682855482886,2023-04-30T14.51.22.886,14.281,-0.020,0.022,-0.018
1682855482896,2023-04-30T14.51.22.896,14.291,-0.007,0.000,-0.014
1682855482907,2023-04-30T14.51.22.907,14.302,-0.001,-0.043,0.004
1682855482917,2023-04-30T14.51.22.917,14.312,-0.010,-0.073,0.002
1682855482927,2023-04-30T14.51.22.927,14.322,-0.008,-0.068,0.009
1682855482937,2023-04-30T14.51.22.937,14.332,0.012,-0.060,0.017
1682855482946,2023-04-30T14.51.22.946,14.341,0.000,-0.034,0.005
1682855482957,2023-04-30T14.51.22.957,14.352,0.012,-0.028,0.009
1682855482968,2023-04-30T14.51.22.968,14.363,0.024,-0.015,0.012
1682855482977,2023-04-30T14.51.22.977,14.372,0.011,0.020,0.008
1682855482987,2023-04-30T14.51.22.987,14.382,0.008,-0.001,-0.003
1682855482998,2023-04-30T14.51.22.998,14.393,0.004,0.005,0.000
1682855483008,2023-04-30T14.51.23.008,14.403,0.020,0.006,0.010
1682855483018,2023-04-30T14.51.23.018,14.413,0.020,0.004,0.007
1682855483028,2023-04-30T14.51.23.028,14.423,0.012,-0.009,0.009
1682855483039,2023-04-30T14.51.23.039,14.434,0.006,-0.034,0.004
1682855483048,2023-04-30T14.51.23.048,14.443,-0.011,-0.030,-0.009
1682855483057,2023-04-30T14.51.23.057,14.452,-0.006,-0.034,-0.005
