,Frame,CoM pos x,CoM pos y,CoM pos z,CoM vel x,CoM vel y,CoM vel z,CoM acc x,CoM acc y,CoM acc z
0,317,-4.47336503584781,-0.156153396227952,0.915156288215135,0.448314806608495,0.0684234736261679,0.00235476155987489,-0.258054509255588,-0.678711756620501,-0.181663006408193
1,318,-4.46885502227439,-0.154859071692857,0.91584652436742,0.449059703321507,0.0617039068699369,-0.00054846094201197,-0.299435415494336,-0.682163974787477,-0.245371666396382
2,319,-4.46437958376694,-0.1535673946032,0.916531544791742,0.449559782065533,0.0569978485603139,-0.00205218404554561,-0.28991808572453,-0.6349119410345,-0.263437109768699
3,320,-4.45997539759094,-0.152319241139818,0.917142535312266,0.447945671838777,0.0554031662415394,-0.0015223234581505,-0.156138440073635,-0.626407647669916,-0.15612991962936
4,321,-4.45563293778208,-0.151100295829114,0.917675400615776,0.444462951452682,0.059779208590054,0.00218826017554903,-0.112136104627812,-0.636203487369418,-0.0608383672282935
5,322,-4.45132786743703,-0.149881679270766,0.918175925043808,0.437743696043156,0.0693884803172991,0.00877156655629479,-0.0825349657008755,-0.69646612660568,0.035131792671403
6,323,-4.4470752875791,-0.148683938656738,0.918647407520598,0.431389183017153,0.0815466100108109,0.0166942659979362,-0.141428391402705,-0.690629450006933,0.0785750921643894
7,324,-4.44289091906771,-0.147529239073563,0.919091450505721,0.427038979873235,0.0921138424336019,0.0240216137006941,-0.263014729684083,-0.77385082532759,0.0844770641233352
8,325,-4.43879086819066,-0.146441240011088,0.919508281976002,0.424632388644345,0.0955106359223883,0.0300417908029575,-0.190472255529655,-0.626531912924831,0.111615052623598
9,326,-4.4347857458818,-0.145397235525778,0.919900295644345,0.423539026384808,0.0938949393789095,0.0352236264437379,-0.272438921676334,-0.826445372456754,-0.0274221789169687
10,327,-4.43086568677157,-0.144382590715662,0.920264575432033,0.423772277622364,0.0915226886112226,0.0399201780786205,-0.148556908743618,-0.943475689729031,-0.0172866838836868
11,328,-4.42701606621562,-0.143434545417475,0.920592895028148,0.424101254145325,0.0863062708770578,0.0433153906001639,-0.0538816926444421,-0.987868401907362,-0.0323274148266997
12,329,-4.42322203775252,-0.142591058073796,0.920877316791711,0.423567040938445,0.0795548810070703,0.0457743213197795,-0.0730196677214017,-0.863334545948869,-0.0799842555707437
13,330,-4.41946838760658,-0.141890763562869,0.921110278839833,0.422893301501482,0.0712087194097488,0.0471173325818654,-0.217023606918082,-0.577295181036029,-0.257700455580061
14,331,-4.41576324957248,-0.141387479301752,0.921288124207953,0.419762896400614,0.0608689989551207,0.0463382797645106,-0.439697113560855,-0.54671423030846,-0.362934316211485
15,332,-4.41211523349627,-0.141056824559,0.92141702157786,0.414930570674981,0.0456974275621286,0.0442103721320728,-0.439758270470435,-0.271559371261858,-0.42928190850794
16,333,-4.40850926650578,-0.140820612124876,0.921504317872383,0.408374515714956,0.0312905804042565,0.0408410361781263,-0.272730091351121,-0.326903120847954,-0.397565237952721
17,334,-4.40493028434709,-0.140600846553085,0.921556825558841,0.401758359948925,0.0176979078437919,0.0369747483419678,-0.0775203245531669,-0.320967758674502,-0.345533027218463
18,335,-4.40136352360147,-0.140319924812874,0.921580713160631,0.396313702531594,0.00886838452416602,0.0328736217280976,0.0964207585318392,-0.390803919185079,-0.242665394296509
19,336,-4.39781342567939,-0.139932894916016,0.921588185080516,0.392276772654518,0.00782023565217189,0.0283906526487448,0.230491108298879,-0.522730054472061,-0.191613480995366
20,337,-4.39428779727178,-0.139492864379812,0.921578320363366,0.389334089746947,0.0114323784560367,0.0234018154004573,0.299726314756964,-0.47310985382152,-0.228995820718749
21,338,-4.3907778452016,-0.139069044306976,0.921536578637627,0.387616618720465,0.0175741085585797,0.0185188824870986,0.365055362687195,-0.508683361873156,-0.316104944610145
22,339,-4.38727537866064,-0.13872972180278,0.921447352825837,0.386822023072554,0.0181254339906536,0.01324067650657,0.280837403549764,-0.587712620591987,-0.193497952651264
23,340,-4.38377262547,-0.138542318353102,0.921293714423821,0.390579296643238,-0.00359743402968395,0.00895359050795906,0.478763041609722,0.625295652064312,-0.985597813484373
24,341,-4.38033380815867,-0.138517310540165,0.921069036226117,0.38965851293024,0.00433002082897828,0.000856520696824853,0.214924669857895,-1.54821158308714,-0.799242036495238
25,342,-4.37696449581475,-0.138608746134106,0.920788055154261,0.386341046237413,-0.00223765024191842,-0.00738529250481197,0.527329205752564,-0.997171820970962,-0.337666528322965
26,343,-4.37356957711787,-0.138798644032837,0.920463169495585,0.384759637486564,-0.0195631262432075,-0.0144891140543092,0.508881440388723,-0.467186983200571,-0.607923835876121
27,344,-4.37005426418511,-0.139068816370931,0.920104268443935,0.382512263804561,-0.0380247520753944,-0.0213018941366295,0.584495991952516,-0.468783221562746,-0.653521136836878
28,345,-4.36632376409486,-0.139400990118117,0.919718611698504,0.382098236585082,-0.0530073572866699,-0.0274699974341315,0.617369305451358,-0.476240260955832,-0.57154374696113
29,346,-4.36235056311099,-0.139800655672291,0.919304145030019,0.386116622980712,-0.062920960904527,-0.0326340543499951,0.793118513170857,-0.414270409748908,-0.506506805713987
30,347,-4.35819901202181,-0.140278275329951,0.91885488141271,0.39393774961913,-0.0684117406497352,-0.0376193093140972,0.851787109108104,-0.551370777077861,-0.373723380123353
31,348,-4.35391182321283,-0.140824121874657,0.91836884044621,0.404755035693892,-0.0733153535534765,-0.0419623590119854,0.844370071616782,-0.516421177343892,-0.351349667532886
32,349,-4.34953143359531,-0.141429773827276,0.917842107336122,0.417650647783384,-0.0767007185473128,-0.0458652651618442,0.73666041503467,-0.465787895881032,-0.340591356176134
33,350,-4.34509991177414,-0.14208791869513,0.917269076289514,0.429364369937509,-0.0807224534823529,-0.0499337935288945,0.739143873591853,-0.301684497951841,-0.316423869611392
34,351,-4.34061078447326,-0.142819946634587,0.916655083954848,0.438618541463133,-0.0845892940615051,-0.0540813756256453,0.851835726585679,-0.163965124376059,-0.276276183923458
35,352,-4.3360358415706,-0.143632210049568,0.915999603364286,0.446111459960678,-0.0868812575737226,-0.0581379960240909,0.854205880660455,-0.209935142973167,-0.315456681602947
36,353,-4.33138411665736,-0.144495760586477,0.915286918213528,0.45361253267254,-0.0897323173195016,-0.0621527597873264,0.781771598627718,-0.160520378919934,-0.419725639020592
37,354,-4.32666444713667,-0.145381900826269,0.914501020873128,0.462599820292812,-0.0909729632165181,-0.0664873923512969,0.643553955014448,-0.275802352549935,-0.44195971319594
38,355,-4.32188553711652,-0.146262032761942,0.913625833960684,0.472261165185126,-0.0912161555035454,-0.0711925150324849,0.685078087076509,-0.201649907335959,-0.436111540434861
39,356,-4.31706259375021,-0.147148938598807,0.91263754840961,0.482454307960042,-0.0898252546847195,-0.0778899578602685,0.685091891475084,-0.171701321939503,-0.443178811241435
40,357,-4.31218939229386,-0.148062822199851,0.911544660472661,0.492182119127867,-0.087183938173788,-0.0862131527672294,0.84375221191709,-0.19206574822828,-0.415547520584042
41,358,-4.30724267043137,-0.148985783270073,0.910380338216489,0.500890878119739,-0.0846373290088532,-0.0943389589649225,0.840680757363861,-0.051478073233603,-0.523749307690804
42,359,-4.30219930276623,-0.149899915451391,0.909178157924172,0.507630925228054,-0.0834233419816415,-0.100052736381809,0.787189839837662,-0.0561375745459405,-0.621263247523849
43,360,-4.29703614464503,-0.150787673962197,0.907971680040074,0.512058625035273,-0.0831381860251491,-0.100891540431852,0.913423736003381,-0.150815457964185,-0.468630667844791
44,361,-4.29166644312695,-0.15164705414148,0.906664653705485,0.516778857203466,-0.0823201164730255,-0.0955924274662937,0.931024197826548,-0.425422253115881,-0.200071958757075
45,362,-4.28610606791618,-0.152490982877535,0.905235867719559,0.521261838998797,-0.080936529663908,-0.0864342589851468,0.847698617278898,-0.453338896679924,0.137186076503541
46,363,-4.2804855672995,-0.153324050682496,0.903830952734831,0.521661889235862,-0.0776117888531661,-0.0756396979136103,0.515342074983153,-0.688652267647558,1.07017961091251
47,364,-4.27493533103562,-0.15414984509919,0.902594929492425,0.516933448828352,-0.0724786152839043,-0.062063391919805,-0.576884449094487,-0.775131583728376,1.79973525867365
48,365,-4.26958561077296,-0.154970856759752,0.901672120171373,0.510694248374939,-0.0662348572744464,-0.0492324893940603,-0.380366877310298,-0.557541262559713,2.81323947788816
49,366,-4.26450463588008,-0.155754398561821,0.901088177598811,0.503484851912408,-0.0650503336261738,-0.0354341671582285,0.302877727770737,0.0231630935812646,3.78745068482407
50,367,-4.25960568239247,-0.15649829287623,0.900747433750512,0.492478731293423,-0.0659817024171163,-0.0177671032104496,0.302577592024637,0.30225208628881,2.69960518217268
51,368,-4.25478611053996,-0.157249867535686,0.900611132992041,0.484697233006218,-0.0679694351057378,0.00131066535962317,-0.317321843867593,0.297274736013187,1.59397516410112
52,369,-4.24994283226019,-0.158056199939402,0.900639562708198,0.48104559981552,-0.0744547429717849,0.0193569632217692,-0.623993837217351,0.153934458175654,0.453525136433456
53,370,-4.24497248233661,-0.158964004077216,0.90079232567484,0.478799284715436,-0.084064128137042,0.0326177145836494,-0.215708574176304,-0.0358169201915056,0.0491106224815109
54,371,-4.23990725152929,-0.159997711775614,0.901118872429735,0.481167752843433,-0.0921569317452281,0.0414186986558618,0.354875064893943,-0.0689536998011048,0.230733570206284
55,372,-4.23481549046999,-0.161124724575203,0.901645757802526,0.490492520837716,-0.0987040780466549,0.0485135713808189,0.598179853741119,-0.215627927650757,0.609262805214376
56,373,-4.22964806936657,-0.162306081461901,0.902298514977307,0.502943036745589,-0.105996870922432,0.0540424854826393,0.812661637170017,-0.233429490366095,0.816716574070845
57,374,-4.22435587644308,-0.163503006709552,0.903003019336864,0.513979716396689,-0.114380342680895,0.057556860599066,0.90504082600194,-0.28731410475421,0.766712982428032
58,375,-4.21888981016894,-0.16467689126696,0.903685429342147,0.521191381659256,-0.122230942240615,0.0589078352352748,0.713717576954916,-0.160643721102307,0.4201442360832
59,376,-4.21309713926501,-0.165826286486384,0.904397032076204,0.528786892257666,-0.126683966397225,0.0578629359852939,0.228075072707878,-0.0439857430467259,-0.0289325437513519
60,377,-4.20701070848888,-0.166974298805476,0.905190120689891,0.539801505492538,-0.1271320751104,0.0549756613834285,-0.0987457694716627,-0.0986403929948896,-0.362656008425904
61,378,-4.20085949090472,-0.168121261416293,0.905991867955038,0.552385672206361,-0.126128692315403,0.050903934501699,-0.30299013546299,-0.0505557711778982,-0.631629473674186
62,379,-4.19487193291186,-0.169270675482172,0.906728196906846,0.56365608073622,-0.125397415723732,0.0463463292986387,-0.461376963342688,0.0987043249978602,-0.774967355269755
63,380,-4.1892760986368,-0.170429225252406,0.907323763863065,0.571249860689842,-0.126112994785709,0.0416914993383895,-0.484786443125174,0.152856477779214,-0.837503024916149
64,381,-4.18417263856204,-0.171630332814285,0.907749343238527,0.573125188272993,-0.126448585198556,0.0361537009427562,-0.364413422076719,0.108179418589438,-0.821448730403791
65,382,-4.17940866923323,-0.172875231975953,0.908057983232464,0.570229676236031,-0.125086916269233,0.0290469082969618,-0.374538793649255,0.13447522776624,-0.789962285805114
66,383,-4.1748323344369,-0.174122457506737,0.908295804436993,0.5623145322966,-0.121207869882173,0.0219088502157026,-0.445705176835497,0.259727939206291,-0.775930346933797
67,384,-4.17029232633922,-0.175328068060117,0.908506801186399,0.54981811948886,-0.117619384743923,0.0157283113209998,-0.401659322378004,0.33233376505646,-0.574564525430465
68,385,-4.16563776287617,-0.176445682990771,0.908732599053946,0.534807611048832,-0.113075653226209,0.011897729136566,-0.293251719015246,0.495698619882228,-0.348762481060863
69,386,-4.16085276904838,-0.177459961460073,0.908960664798097,0.520274985693903,-0.103417781002927,0.0112064464964364,-0.436139089133114,0.563820807122054,-0.218312972353046
70,387,-4.15603865497831,-0.178401338551352,0.909162154033508,0.505572027416059,-0.0879079135664585,0.012831487043623,-0.633787283221312,0.414877497793595,-0.117416069356364
71,388,-4.15122059949024,-0.179289823135537,0.909352056294333,0.492062306737949,-0.0697821244658299,0.0159519875072445,-0.837142505867385,0.249422412876823,-0.0241648802414709
72,389,-4.14642386704872,-0.180144695132319,0.909544783622862,0.479912751090623,-0.0526858151661992,0.0203313039276465,-0.913757345534191,0.0751719921349466,0.0683946204619266
73,390,-4.14167382530567,-0.180984606009582,0.909754418913383,0.470200173250732,-0.0422644453547205,0.0249165153601802,-0.870299044327201,0.105024391710675,0.4478163277553
74,391,-4.13694936654784,-0.181791994451549,0.909975867919679,0.463327895813634,-0.0372184975567587,0.031163887847714,-1.00497810190942,0.273000272153523,0.409628662024629
75,392,-4.13223434368831,-0.182552055813878,0.910198412411399,0.456436979934818,-0.0350247849449824,0.0390780089268314,-0.873845757029397,0.207672696241091,0.454385193813813
76,393,-4.12756155539339,-0.183287946856185,0.910427926032412,0.450309547376239,-0.0360602345500514,0.0468666342301924,-0.586179020695445,0.259430646240687,0.590568530605209
77,394,-4.12296359814263,-0.184023773642782,0.910670452361817,0.445769387239261,-0.0372901062725934,0.0534645354410498,-0.306889387191875,0.398511036235156,0.612674167454135
78,395,-4.1184727534637,-0.184784605899396,0.910932159548913,0.444052275628556,-0.0366692211436211,0.0583419285496573,-0.385434300131474,0.173772859366178,0.410045767492737
79,396,-4.11413744356512,-0.185597786980289,0.911226049043239,0.443332710146738,-0.0352977109176614,0.0611319613766191,-0.256955980382033,0.143146525598539,0.314766808126719
80,397,-4.10993565599232,-0.186447339325875,0.911549357354688,0.443650730129792,-0.0353564765515932,0.0624011714337801,-0.150758721946413,0.207570864794057,0.110063764373034
81,398,-4.10579356903743,-0.187294384128933,0.911884202034492,0.444442010742476,-0.0332024046357519,0.0621691587052953,-0.109873473578005,0.0389515520758461,-0.0527522335095057
82,399,-4.10163718773044,-0.188100306499085,0.9122118989033,0.446070257530076,-0.0310446809315239,0.0604873282067036,0.00388737088176303,0.117637284490887,-0.060483028531426
83,400,-4.09739239485713,-0.188826634856845,0.912512950923815,0.448332842968919,-0.0288610478627516,0.0579043413151443,0.0448020731574129,0.200032936156743,-0.148384247979574
84,401,-4.09305339797489,-0.189469966935277,0.912797122289505,0.452634577023384,-0.025894918309237,0.0547742863666297,0.0623784422414115,0.216471044274742,-0.186314952136685
85,402,-4.08866791391463,-0.190057996416336,0.913078660112771,0.459249022607283,-0.0235118006319541,0.0510727416556321,0.0938010405476892,0.369925907198122,-0.232544000886597
86,403,-4.08424220502341,-0.190598431233984,0.913343998180288,0.467615575265856,-0.0220750073816973,0.0472177012607702,0.0512423983616709,0.393062883072296,-0.283913726831544
87,404,-4.07978277306754,-0.191098346083935,0.913579105134025,0.475663595600778,-0.0206965422773664,0.0426725023581438,0.0202684416804082,0.343893040846146,-0.283067409387047
88,405,-4.07529637286957,-0.191564230856009,0.913769330346341,0.482364272884822,-0.0188418339061128,0.0374918368672937,-0.0481418966651442,0.350122054958964,-0.35715860752367
89,406,-4.07077241692603,-0.192012382296539,0.913912838189848,0.487826539854734,-0.0138241841042996,0.031926236851442,-0.0878590773911833,0.332471802058152,-0.463129588889145
90,407,-4.06620542178912,-0.192439903229511,0.914021091528369,0.492336446129726,-0.0078944201301398,0.0255569928442328,-0.0737722752029598,0.31632248927615,-0.4160523671349
91,408,-4.06161026873462,-0.192822743843749,0.914098457546037,0.496445378295762,-0.00155370056095679,0.0189222643499797,-0.0929350457972478,0.428878781532089,-0.43595961227199
92,409,-4.05700211324861,-0.193135061025334,0.914148662492929,0.499498103523518,0.00432042063182738,0.0123801358662284,-0.0173854979892319,0.4852043320577,-0.451783891962814
93,410,-4.05239628927426,-0.193349302632961,0.914174705286162,0.501937403464775,0.00978484629898236,0.00640407114766751,0.129095832002199,0.570792310276779,-0.507100672120926
94,411,-4.04781145881302,-0.193450694168202,0.914161616656798,0.502812546980025,0.01464357114572,0.00103176272638887,0.232412674535929,0.585752652234208,-0.481095985107982
95,412,-4.04323729684285,-0.193454262813412,0.914108605847653,0.502208662266242,0.0204063413972946,-0.00388248863300721,0.234855451380532,0.535933509560157,-0.40893449792872
96,413,-4.03864614716772,-0.193377125604183,0.914038568337191,0.501563210711579,0.0264752010750435,-0.00850177722716425,0.336235173408086,0.553953723352799,-0.435789193602819
97,414,-4.03401074606305,-0.193237934240973,0.913973295663532,0.500719902621107,0.032602238200602,-0.013517114987806,0.452166825652139,0.458235164766256,-0.409302859339415
98,415,-4.02930407956151,-0.193056737101141,0.9139334924943,0.501242696517501,0.0370925587956741,-0.0192330511316922,0.63592022246878,0.38510615579246,-0.450472121937768
99,416,-4.02455596193253,-0.192819555125206,0.913952611781227,0.503469645879129,0.0403705393228268,-0.0253587551827051,0.777595693633799,0.426638823321338,-0.591158131361737
100,417,-4.0197853815957,-0.192513668636539,0.914016772540622,0.506817002117821,0.0426353857568772,-0.0321840286597737,0.836935776091977,0.452107012837098,-0.723327932021827
101,418,-4.01494932261477,-0.192162046113467,0.914073248292135,0.510823454273013,0.0444287986458694,-0.0393603221768268,0.947587861807049,0.556986888736917,-0.815015542078895
102,419,-4.01000463184766,-0.191787864364366,0.914067124325763,0.515092705460506,0.0461318645207609,-0.0466356569334429,1.09108938369586,0.633939054427237,-0.8336714794356
103,420,-4.00490780535215,-0.191414447593261,0.913941571193985,0.521699941836304,0.0494516700619299,-0.0527422456226181,1.14841622176638,0.651417370878167,-0.91892437410284
104,421,-3.99965433013416,-0.191043571783465,0.913689688429003,0.530825622486437,0.0546172213262486,-0.0574618156538096,1.12967677707549,0.519426747674996,-0.937307533672274
105,422,-3.99427334764374,-0.190661216648752,0.913345567453392,0.540511568833769,0.0582442754183368,-0.0626910836157205,1.1976317034716,0.631021233474847,-0.864628761059798
106,423,-3.98877137380028,-0.190265692293983,0.912912501909455,0.549573602355611,0.061619328902324,-0.0683951042111999,0.853323698977198,0.511148185950087,-0.725548887942007
107,424,-3.98315474664399,-0.189853687724135,0.912393498234041,0.55867522512362,0.0643197334773907,-0.0742959841085861,1.21136395490459,0.776393969868441,-0.500951058239196
108,425,-3.97742968234836,-0.189420592019182,0.911791419773597,0.567928768063562,0.0683001140106559,-0.0800346761416231,1.05163965218686,0.495187236605502,-0.542360303427453
109,426,-3.97158621506129,-0.188985358864484,0.911069000843805,0.574101197115361,0.0691420599808836,-0.0881569525249031,1.23418607000082,0.800469969631145,-0.525820514061986
110,427,-3.96561974465742,-0.188548767917873,0.910222479330302,0.58073215501873,0.0653656441288095,-0.0976189357333281,1.08080823200527,0.952048852161295,-0.725531449234153
111,428,-3.9595446599322,-0.188078726513884,0.909305589486228,0.58724314400968,0.0642221778793203,-0.106417613553039,0.671002270462969,0.784085909240215,-0.874768013767141
112,429,-3.95337551210844,-0.187543490629529,0.908372378660826,0.592857190598612,0.0634738575967355,-0.111717317148363,0.740102189291794,0.945757397888542,-0.84506155035095
113,430,-3.94712695145255,-0.186911448159024,0.907476855635043,0.598030923898442,0.0647534420985513,-0.110428379589912,0.686578581997174,0.935247309586856,-0.928299106438303
114,431,-3.94076052952736,-0.186141916507771,0.906539365664473,0.605955645270813,0.0678620823586024,-0.101064400677912,0.681257857381739,1.04181507891904,-0.528998039966892
115,432,-3.93426724782585,-0.185254952797542,0.905525295048844,0.619275133635522,0.0702626968027528,-0.0847955890273966,0.444691290500034,1.00324417648775,0.414575016062355
116,433,-3.92770544755454,-0.184310687945511,0.904555275208219,0.628545619621388,0.0712404094435797,-0.0666958745715127,0.722221834109305,0.951095356744425,1.53226715599553
117,434,-3.92113263445125,-0.183370060622377,0.903748806446735,0.62871106861899,0.0751513005860419,-0.0510815975390647,0.825568837009262,0.597461756133916,2.97943035936133
118,435,-3.91460554763766,-0.182494740752865,0.903224613219327,0.63129900340929,0.0831430288014087,-0.0340252722517781,0.18401417470206,0.10391981864486,3.41773758285669
119,436,-3.90814430654346,-0.181734250560405,0.903021003212747,0.643934061101035,0.093460261302786,-0.0144074599900039,-0.591108982604568,-0.174946799481991,3.04508623374841
120,437,-3.90171038430188,-0.18104790023471,0.90305999031404,0.660376197088863,0.0984065562268611,0.005604841245299,-0.896889040976506,-0.218613103830596,3.08274235747311
121,438,-3.89527207771215,-0.180362612194961,0.903285679450326,0.673349112787464,0.0946545395938484,0.0231150010880346,-0.351067095059626,-0.085585812467253,2.3712756474349
122,439,-3.88879741229888,-0.179605541035449,0.903641216444763,0.682284207449717,0.0858918840597701,0.0369577496129874,-0.0708735615407867,-0.210320306287497,1.39144941742558
123,440,-3.88225417472677,-0.178704247614105,0.904068691514917,0.691869385042122,0.0894312598103978,0.046663770889582,-0.428041532704919,-0.587074765770008,0.250304010977287
124,441,-3.87566071259435,-0.177656120454442,0.904587421537254,0.695093196025902,0.0994149139121678,0.0477337364851793,-0.24199488474991,-0.555636518648616,0.0155384182057325
125,442,-3.86903770659839,-0.176511073014775,0.905238622374516,0.69492359701103,0.106971011484512,0.0427162790053763,-0.210094418197844,-0.0198842439207953,0.154833181128427
126,443,-3.86235653467711,-0.175275301375965,0.905996970525562,0.696541187451185,0.113382449827105,0.0369717042376351,-0.464283932685232,0.0205984983966817,0.0654072754436919
127,444,-3.85558872982476,-0.173954042063224,0.906836889005314,0.694661292376583,0.117438008146646,0.0319121002728787,-0.518149565453548,0.003208728014568,0.0926202697867565
128,445,-3.84870599697696,-0.172551485511064,0.907732333524604,0.691185227468809,0.120305600906888,0.0291428568623524,-0.743634161164277,-0.192769364998331,0.0550759095066047
129,446,-3.84155946345584,-0.170996975244332,0.908730978247424,0.685029508392442,0.122396812767308,0.0290406331473251,-1.00833515688682,-0.365907901791612,-0.135313814712838
130,447,-3.83416792220823,-0.169288255411157,0.909856078450789,0.67974833616681,0.126026316604724,0.030410641638382,-1.26644263254638,-0.571861381891584,-0.219200020472165
131,448,-3.82675470877901,-0.167529441185477,0.911041887511689,0.67499014779981,0.128264659530039,0.0324853161565232,-1.46319708222057,-0.804396399833503,-0.228540540825943
132,449,-3.8195432425261,-0.165821760643983,0.912218617120054,0.668311023019265,0.127871248176959,0.0351084833050856,-1.24221707129675,-0.953063205758564,-0.0780473572262847
133,450,-3.81275727313386,-0.164263604042237,0.913312473844244,0.662001901603156,0.125504855999214,0.0386245585282172,-1.08645201480541,-1.16952609597075,-0.0954654682996318
134,451,-3.80650952597301,-0.16285662466225,0.914331423605347,0.655105462202057,0.120766841467343,0.0438647806188234,-0.956654816262659,-1.26686592097874,-0.0752446380966795
135,452,-3.80065186528184,-0.161526578965353,0.915322969560991,0.645836997598379,0.114028823267837,0.0505748454663165,-0.813504698204768,-1.20620810866004,-0.133169808919914
136,453,-3.79501718928557,-0.160259480570679,0.916269003750467,0.636597968360041,0.106564218659598,0.0580142064086837,-0.828981135298387,-1.17614709308576,-0.174378966778652
137,454,-3.78943831309497,-0.159045567287136,0.917149828565997,0.625338159805128,0.0990738113379864,0.064658632160969,-0.703360624099155,-1.08618794224921,0.0198987251801021
138,455,-3.78374769324185,-0.157879093541006,0.917944276893719,0.616760675304348,0.0922572786192489,0.0699016362426012,-0.7982920342221,-1.16763354028915,-0.212574923145842
139,456,-3.77791587331706,-0.156759982229089,0.918633791925156,0.609699584916028,0.0846524491038796,0.0734832638942949,-0.796438711731343,-0.916186250974294,-0.274860543667004
140,457,-3.77205517412451,-0.155692610592977,0.919228944605829,0.603244917710423,0.0773270111773298,0.0750118153915823,-0.482760251048985,-0.901058722499556,-0.203097697911004
141,458,-3.76621040089882,-0.154681907498491,0.919751660867185,0.599704362899568,0.0712123743177397,0.0749020947585617,-0.368015290228896,-0.961840721996815,-0.153538356124261
142,459,-3.76042631193535,-0.153734387053259,0.92022416561708,0.598507685978888,0.0649850268431722,0.0740187866937373,-0.499525024697208,-0.797583434811676,-0.238456162923456
143,460,-3.75474732893021,-0.152858190657425,0.92066915585166,0.596253760608642,0.0591341448991879,0.072523235832382,-0.52007347642218,-0.800762508542569,-0.263391529308014
144,461,-3.74917091684053,-0.152057042568667,0.921087856501387,0.593417135705117,0.0541690348331289,0.0710316839158008,-0.568800999895265,-0.743435644431615,-0.313210709339147
145,462,-3.74366585233671,-0.151328726511685,0.92146579054182,0.589216369248952,0.0456824390542866,0.069028930443582,-0.567939552144551,-0.476685015772393,-0.350891866980424
146,463,-3.738232951237,-0.150673629455778,0.921802518741363,0.582823114297713,0.0391576711662199,0.0656280710083643,-0.380377624509714,-0.535115896844481,-0.283098638790294
147,464,-3.7328729912598,-0.150092190157765,0.922097241898031,0.577302750777836,0.033644744293348,0.061286139781014,-0.334218439556881,-0.572196131997844,-0.336782147563509
148,465,-3.72758683268727,-0.149585136722957,0.922348665180554,0.573395504232499,0.028299705614955,0.0569136892778475,-0.367527763917329,-0.568882372611329,-0.364324866627532
149,466,-3.72239131869879,-0.149170720055602,0.922570989190084,0.569981322594087,0.0223297970947109,0.0523939652943198,-0.314167209280293,-0.552270491696787,-0.30751992483421
150,467,-3.71728282706137,-0.148851723039189,0.922768722400087,0.567072010870855,0.0158491674642848,0.0478500991960339,-0.115433459071337,-0.497448528457408,-0.296003916640282
151,468,-3.71223187986754,-0.14860519231753,0.922924914574433,0.565179618140523,0.0108471574817776,0.0425039194975328,0.0142269824052393,-0.633840088323118,-0.386520043646406
152,469,-3.70720941896118,-0.148406961383124,0.923021476797568,0.565088209177947,0.00752250958890199,0.0362289534701616,0.0652095178772721,-0.625064661871348,-0.565841944055958
153,470,-3.70218687680859,-0.148231618047276,0.923039113483718,0.564984757953775,0.00601049942477456,0.0282985538007742,0.155390501933677,-0.654389433448706,-0.644354988349596
154,471,-3.69720087969376,-0.148050118580548,0.922986752458141,0.564796478232315,0.00664743950819619,0.0179263426654867,0.278304946120161,-0.665998343975605,-0.726986700374769
155,472,-3.69226901660852,-0.14788068515163,0.922882562475256,0.565692263491657,0.00914675180368601,0.00579408674468592,0.520309725782671,-0.532250159319069,-0.739141401563598
156,473,-3.68733596003089,-0.147766274561647,0.922718294899662,0.567040642847808,0.0134592534056339,-0.00719704961003704,0.44182914826487,-0.684367567732892,-0.809698183097053
157,474,-3.68234794531624,-0.147747294708251,0.922482456129967,0.569239185889198,0.000771856227688694,-0.0188815080789546,0.346043318049778,0.107805161185634,-0.772165199735276
158,475,-3.67725210967179,-0.147861535610864,0.922159879399567,0.574654424877898,-0.0114173033637082,-0.0277942878968929,0.680635025181918,0.0927379249274462,-1.66486857658894
159,476,-3.67208084818139,-0.14811644615031,0.921719844872371,0.570812736485495,-0.00326921729532302,-0.0392595573683107,0.618368134696063,-1.34374444452339,-1.04015242025651
160,477,-3.66687248618426,-0.148479657272406,0.921172410982065,0.566744279149526,-0.00946474035680123,-0.0491749345949849,0.9649469806393,-0.485735459300122,-0.873566124683037
161,478,-3.66158280547111,-0.148930231543385,0.920558894847877,0.564505180138323,-0.0234163874420364,-0.0572773079410859,1.00348672590702,-0.257778213413411,-0.954739380587769
162,479,-3.65616655557263,-0.14945126405474,0.919917938566032,0.561018027518557,-0.037059735175104,-0.0648852304968768,1.07418991886533,-0.442740584739353,-0.67200315839244
163,480,-3.65057728910847,-0.150029830214784,0.919285668085715,0.559937388610948,-0.0497257144516988,-0.0708094280966211,0.96605922593097,-0.613760521568447,-0.351315427451533
164,481,-3.6447899287869,-0.150696395071229,0.918648162921193,0.563128955252512,-0.06102004445002,-0.0732150192082968,0.98750451399433,-0.674848882326869,-0.142207259144869
165,482,-3.6388350184749,-0.151461160461167,0.91797651461108,0.570714624551857,-0.0712966849405092,-0.0724892313138058,1.01813632698139,-0.773007474247678,0.00759180277940433
166,483,-3.63274885601196,-0.152284644359291,0.917281964572791,0.580082988089856,-0.079119088341609,-0.0708420245619774,1.05847416748682,-0.811916876839662,0.0172815702208408
167,484,-3.6265678608073,-0.153128863561707,0.916574729684727,0.589839826599368,-0.0844988959135281,-0.0698109139911899,0.976659508773927,-0.796405610733607,-0.00117768592928769
168,485,-3.62032856409492,-0.153957073543793,0.915864236665604,0.599352335894113,-0.0895892534838913,-0.0709487024067144,0.944629960979311,-0.484697312182202,-0.194536916213034
169,486,-3.6140219966251,-0.154784496991911,0.915171748340324,0.608899345083885,-0.0918862899190198,-0.0750949410705413,1.01133924406945,-0.393906724480399,-0.410953345324913
170,487,-3.60762356321825,-0.155640275886566,0.914486451860291,0.618589039339079,-0.0912783906028824,-0.0812611502546592,1.08538108362939,-0.310614424172495,-0.592224382569958
171,488,-3.60114623136164,-0.156507691275498,0.913769757748081,0.628290836021445,-0.0887545325251428,-0.0881572909967396,1.14070029847891,-0.249908085303856,-0.753390873064064
172,489,-3.59460287819082,-0.157368412196988,0.912983602598688,0.637667713956529,-0.0848499409182545,-0.0951107384157559,1.00557632554752,-0.343282386603595,-0.801929188809702
173,490,-3.58800640462651,-0.158203010632389,0.912090413144009,0.646677805174459,-0.0819632276238418,-0.100389334418433,0.928407556999102,-0.245982051589207,-0.70144692057118
174,491,-3.58134757082233,-0.159013039242986,0.911018016808108,0.654518155144856,-0.0800780498422206,-0.10601001691474,0.927681693863988,-0.0790647871964532,-0.660253840904781
175,492,-3.57461830514048,-0.159812087919873,0.909791850633751,0.661464994537257,-0.078483665609121,-0.112712998574087,0.958662756550536,0.171018904490688,-0.424546548527882
176,493,-3.56783313142377,-0.160597838744583,0.908521204672217,0.669097039025385,-0.0764306147597009,-0.116643945832942,0.950005072549671,0.0814172798631859,-0.143791918598746
177,494,-3.56100602293075,-0.161367296974936,0.9073148390345,0.677647209132477,-0.0703969946955338,-0.114164298933095,0.835765643766526,-0.132560522257167,0.0322895720979448
178,495,-3.55415022607899,-0.162116624587783,0.906280489773981,0.683253018711998,-0.063527400261316,-0.104286314865116,0.804872315810901,-0.0407452132801296,0.399846893811839
179,496,-3.54721419521613,-0.162770673314519,0.905390077215694,0.682407332485825,-0.0516690307385804,-0.0824570535681659,0.377690632319061,-0.171869538181114,0.884575242310629
180,497,-3.54018887047637,-0.163332334139856,0.904573012999979,0.673938420621419,-0.0382106249119173,-0.0502669780166624,-0.552597460393146,-0.380555080485138,1.91124326494109
181,498,-3.53315054231907,-0.163913033987776,0.903871680421336,0.66034782678695,-0.0258101561715276,-0.0138521290118193,-1.42568095098699,-0.6099480406615,2.85680333684769
182,499,-3.52617538304857,-0.16462281561768,0.903327504535031,0.650717965416705,-0.0194838164450282,0.0188641637768168,-0.304069231879311,-0.142689672798837,4.43151860996826
183,500,-3.51933948175388,-0.1655705573857,0.902981231587285,0.652140073257718,-0.0171087490946361,0.0437074869047533,0.0466709960553857,-0.068920661798949,4.60906674223798
184,501,-3.51270538155554,-0.166843052734305,0.902869908915416,0.658809932616715,-0.0254396356302573,0.0585056498426091,-0.448445439321927,-0.111803778502691,2.38848458298066
185,502,-3.5062216312368,-0.168365333425268,0.902967092078283,0.666416864978419,-0.0480188020496338,0.0665580075254818,-1.0024349034463,-0.108860173472184,0.968138627148364
186,503,-3.49979301358049,-0.170003696726812,0.903217578840226,0.666317393519623,-0.0804790052543551,0.0677104758331391,-0.678173033348258,0.0171668543442503,-0.0572505889696717
187,504,-3.49332408128007,-0.171625304945551,0.903565317081154,0.660405890842451,-0.110613884627072,0.0647848014162347,-0.204377200054101,-0.0134111350035781,-0.297788918394158
188,505,-3.48671944235077,-0.173097588812608,0.903953855291725,0.655103327660295,-0.128658690875681,0.0611957939093061,0.0724233188820837,-0.191952873600658,-0.144496616138614
189,506,-3.47991972651346,-0.174407573716987,0.904424354097262,0.654126718434798,-0.137489009861965,0.056510436580674,0.453804698181044,-0.415706613208318,-0.129392465642976
190,507,-3.47298768269956,-0.175641357314599,0.905018193367272,0.6594946332185,-0.140460642147915,0.049796914832424,0.321037892551012,-0.479468113596542,-0.30550941330214
191,508,-3.46601167618646,-0.176816200694311,0.905678927345651,0.667699484113135,-0.140637119167352,0.0428284926580028,-0.0942237325066674,-0.484266516339276,-0.628821458308974
192,509,-3.4590802089034,-0.177952204144618,0.906348114810353,0.676374485565838,-0.13919104876727,0.0373603071101304,-0.539923756065201,-0.394051575131889,-0.682020656478778
193,510,-3.45228196673529,-0.179072523283616,0.906964576597122,0.680466533939856,-0.138288511327848,0.0345408131373097,-0.534624358615581,-0.184807577128902,-0.39686171380982
194,511,-3.44556112836666,-0.180162319596781,0.907530913022427,0.681481477349878,-0.13413093465112,0.0347933212640197,-0.65322236010529,0.044537553787598,-0.122456750715704
195,512,-3.43885892457837,-0.181210313086803,0.908091040621852,0.680738593883827,-0.124492714238295,0.0368559603379469,-0.879549339943747,0.287680371199101,-0.130519939157937
196,513,-3.4322599927162,-0.182246043292161,0.908641713273773,0.677476366832075,-0.114280366347498,0.0401610999574567,-0.911216519456434,0.542586555041117,-0.0206473861977063
197,514,-3.4258491739182,-0.18329748816364,0.909176899486996,0.670147809050156,-0.105098065161563,0.0438044420535037,-0.877057913778537,0.760599185249479,-0.0350161673576008
198,515,-3.41971155551704,-0.184390957960838,0.909687879128315,0.658855530739822,-0.0955034794911894,0.0472204347821812,-0.850347575261028,0.857002169094273,-0.0366833169117564
199,516,-3.41395518749895,-0.185530857681498,0.910157560509095,0.644045068439189,-0.0869505973888594,0.0506979188732056,-0.997556885263178,0.785731235450809,-0.142204505812334
200,517,-3.40852467365462,-0.186699369687488,0.910589071459876,0.624989287820391,-0.0795786158900429,0.05463166558422,-1.11942141950898,0.561362235960933,-0.11821614843866
201,518,-3.40325983913889,-0.187887555187874,0.911002112066281,0.603380435070822,-0.0750628172812519,0.0583241276583068,-0.934715500641868,0.297433906778631,0.319612487828706
202,519,-3.39800007967406,-0.189086247783499,0.911416091229538,0.584546932361689,-0.0717225567382915,0.0623232193858058,-1.08095757816971,0.326554495797376,0.139761260167663
203,520,-3.39258434978989,-0.190286401858509,0.911850236647944,0.569992879047712,-0.0676265910351701,0.0653722409077237,-0.84820660962721,0.154839688445377,0.260670445484166
204,521,-3.38697292504744,-0.191485437246354,0.912312515212451,0.560908778622058,-0.0673470270566338,0.0682098575237647,-0.441175862117448,0.148748749277845,0.345637061317684
205,522,-3.38127324502508,-0.192687921262788,0.912788461895632,0.556370574539782,-0.0713742129074611,0.0710291691864729,-0.245838869038088,0.210773636353652,0.368787726738922
206,523,-3.37554464504386,-0.193896658324582,0.913264102687131,0.555252735086594,-0.0755723661902501,0.0740973331670867,-0.140008856770397,0.101913595497254,0.225135828558969
207,524,-3.36984627568815,-0.195115620343916,0.91372584656117,0.556457108504445,-0.0814679069677423,0.0759984997933245,-0.189452844265504,0.164749479756884,0.0244012283280143
208,525,-3.36423699182687,-0.196349557365018,0.914160464693643,0.55796047316364,-0.0839100038953537,0.07602790590648,-0.329024260682278,0.0430639227839284,-0.102177537619858
209,526,-3.35872236445611,-0.197641696926187,0.914585123558599,0.559895232660801,-0.085180565534046,0.0739022397445176,-0.457910932692225,0.140385719765287,-0.320546712168949
210,527,-3.35326161272756,-0.198990602054985,0.915010657446626,0.562190554170949,-0.0859160051129639,0.0700819693055225,-0.415093141559846,0.174511884797409,-0.397534087511688
211,528,-3.34784397942834,-0.200333942379939,0.915413912455733,0.563924556829146,-0.0858685121381775,0.0648057459324418,-0.28485256907271,0.28873716920006,-0.421233072735878
212,529,-3.3424591060641,-0.201609000859972,0.915770527309988,0.565021255835983,-0.084689295842454,0.0586198431121358,-0.177408817842057,0.295466624040998,-0.478456413874485
213,530,-3.3370970775789,-0.202752857114929,0.91605485418199,0.566193361491718,-0.0834163052926306,0.0517493316245617,-0.192768610007848,0.386840050899885,-0.549828512944204
214,531,-3.33176146345992,-0.203761326438888,0.916263847586905,0.567496991502252,-0.0797663173873416,0.0442429997457825,-0.136034612081025,0.395283708264849,-0.668147682208411
215,532,-3.32645763541543,-0.204677157367414,0.91641567803935,0.568996237605958,-0.0772454129984797,0.0356872253662654,-0.0857209218334181,0.512112754994362,-0.772660099798786
216,533,-3.32117879537319,-0.2055072089954,0.916515364374228,0.568554801788213,-0.0727048907453984,0.0258395141465825,0.00486619586346359,0.275055630726429,-0.70441655877933
217,534,-3.31591833588491,-0.206257690145842,0.916567491420782,0.569219162661091,-0.0636366606510409,0.0162636310887296,-0.0479567956317266,0.108205328259195,-0.855667815322339
218,535,-3.31066986843164,-0.20693431343204,0.916576106113631,0.569496770664831,-0.0557424726500059,0.00724845916684405,-0.0557367573423415,0.0644576786307242,-0.832308098107622
219,536,-3.30544669823078,-0.207526202721393,0.91652509597273,0.569152617633583,-0.0479839718332081,-0.00129922439527461,0.151598681728261,0.0193941438894329,-0.781412220586615
220,537,-3.30025248610505,-0.208030009176184,0.91641343895444,0.569303890995193,-0.0406271257793561,-0.00963039124060466,0.148730060125677,-0.189129617515376,-0.68449226444218
221,538,-3.29506685640174,-0.208461778208805,0.916266967651439,0.570192921924472,-0.0332833798621873,-0.0173873899514268,0.156593419999674,-0.141716693912331,-0.719206418598503
222,539,-3.28986973162405,-0.20883656738581,0.916110848156302,0.571122148133365,-0.0272721207709874,-0.0245072341511925,0.226481185727107,-0.13546033289626,-0.682477710058181
223,540,-3.28464119906086,-0.209168404181385,0.915969474609881,0.572424536669283,-0.0226928329952139,-0.0309201773797797,0.252561451608,0.0208346728371498,-0.638785166882183
224,541,-3.2793842461376,-0.209438478313281,0.915858446529173,0.574310517029611,-0.0188683379208121,-0.0362183069139248,0.329275781760509,0.08132971901082,-0.61369065281097
225,542,-3.27411261440614,-0.209636210462755,0.915762844770468,0.576594309129523,-0.0155487840521359,-0.0407561400170802,0.403133595893398,0.040045997464585,-0.483382587553811
226,543,-3.26882290617571,-0.209787445976418,0.915659637971579,0.579854687037798,-0.0134139031248388,-0.0445842935739197,0.395878182584772,0.0182524227103317,-0.453423772989164
227,544,-3.263512027107,-0.209918259518799,0.915524345665666,0.581935187052779,-0.00907586516887162,-0.0482567447568531,0.370656490221926,-0.0211874406537779,-0.261698523840257
228,545,-3.25817703380741,-0.210054837667655,0.915331063881868,0.581950579869315,-0.00550833201756637,-0.0519606761231137,0.382747662600401,0.0834469783620199,-0.297889835519882
229,546,-3.25284537084134,-0.210198071062688,0.915077331662706,0.578633596750149,-0.00255760001859599,-0.0555448383845887,0.519872083659078,0.236033252667432,-0.322876301064125
230,547,-3.24752026710591,-0.210330459891454,0.914779797820802,0.572825939780865,-0.000557037604338393,-0.0586610145767684,0.572676122949226,0.340946046440946,-0.432139610167156
231,548,-3.24216219365812,-0.21045015645434,0.914438318014436,0.566718227320112,0.00268038413252866,-0.0613772531948276,0.636639923365317,0.477198477526733,-0.559829509914945
232,549,-3.23673100706552,-0.210554799720738,0.914050292273658,0.561112053554776,0.00406069408954371,-0.0645601235995284,0.795575743127309,0.640666707684274,-0.614250667301848
233,550,-3.23118581441596,-0.210641633715377,0.913611102820464,0.55970946951406,0.00411764867539594,-0.0686777070553984,0.892984261134417,0.726978323626594,-0.697699054535431
234,551,-3.22554860612577,-0.210687691841648,0.913125395452764,0.563292469482317,0.00403940955849329,-0.0738397123010511,0.980681092727349,0.744938227974155,-0.731182660814051
235,552,-3.21984586672754,-0.210693822208252,0.912591754400438,0.569255824944743,0.00407274756083431,-0.0801677567874296,1.17868619211139,0.651707198593774,-0.786209134319111
236,553,-3.21404288084192,-0.210692882099682,0.911995574046603,0.57773352022203,0.00431089873753888,-0.0868458214377024,1.26212527039188,0.365101869808648,-0.772133774725013
237,554,-3.20810495149146,-0.210717712430079,0.911322413126341,0.588118789614734,0.00553624293588235,-0.0930889884070926,1.23592553499268,0.32352139913635,-0.838247810682115
238,555,-3.20199746846904,-0.210800957994925,0.910557996361468,0.599284648538657,0.00509837944897851,-0.0983536452533915,0.999694491009481,0.311292736284343,-0.909631489868874
239,556,-3.19573165079316,-0.210945806933389,0.909635209620746,0.611026378483032,0.00569775323221427,-0.105655387218893,0.87735861665391,0.270357604866468,-0.771741363393934
240,557,-3.18933053084167,-0.211129313884489,0.908562902153769,0.624476904177703,0.00609316018530335,-0.114456062508354,1.00260755916817,0.271461884212954,-0.790547489393977
241,558,-3.18277735439824,-0.211344901507244,0.907441240895855,0.638457992598128,0.0067740501659464,-0.121385369576718,0.992032623638809,0.198784190902009,-0.765306184387399
242,559,-3.17605503131782,-0.211586237565929,0.90637007752577,0.65272895193297,0.0040235694904931,-0.122938785621002,0.96795925130328,0.40325809582895,-0.315311061459554
243,560,-3.1691459964969,-0.211847372098896,0.905448473859807,0.66647540143345,-0.00300902206795517,-0.114765879816636,0.827902259117602,0.615645912374156,0.245041102854721
244,561,-3.16192668831953,-0.212193372944241,0.904620603949333,0.673066080335289,-0.015750986829254,-0.0953156883023346,0.904004841668571,0.555091357097796,0.832043954923095
245,562,-3.15440888811629,-0.212626809164904,0.903821670010879,0.672542891349106,-0.0301612839992621,-0.0689496163414067,0.768049923100122,0.516446779172874,1.97973423227971
246,563,-3.1467775878403,-0.213049819971206,0.90313539776833,0.670806710998884,-0.0442621216696257,-0.0376734498708678,-0.332782357564682,0.544367702281356,3.25985766739337
247,564,-3.13921743201932,-0.213366249469777,0.902643762697235,0.677445984580821,-0.053841725951992,-0.00186795226105589,-1.66793249844751,0.222188698143984,4.19977851515883
248,565,-3.13191276254917,-0.213481283551212,0.902427860150124,0.693290808236002,-0.0560604435603937,0.0284197353135899,-1.14254132251179,-0.453661987590716,4.42579139789489
249,566,-3.12495628652481,-0.213337993854651,0.902569435529393,0.71371735975343,-0.0444671593375082,0.0433690977364125,-0.632610140510862,-0.668574768620613,4.63027563221012
250,567,-3.11822473607466,-0.213001500242401,0.90301673154841,0.734965998089586,-0.0280977637358054,0.0608293700039857,-0.0945404794728441,-0.454507578211358,2.20228713569362
251,568,-3.11157802387865,-0.212560362750508,0.903649917516176,0.74595879968726,-0.015998346358233,0.0740595627936061,0.0373572002787512,-0.926914702805309,0.529964152299976
252,569,-3.10487527546037,-0.212102629165884,0.904345692090538,0.751325000924429,0.0027282100634846,0.0787071024740831,-0.325271282910351,-0.667405385550539,-0.0376107685295238
253,570,-3.09797516323152,-0.211716429066412,0.904977320071078,0.751933842150661,0.0188157992716226,0.0747244951418732,-0.482735145505768,0.349210156387845,0.0868516868211148
254,571,-3.09087649998749,-0.211414353549588,0.905529965989291,0.752967086724682,0.0301366791808908,0.0648964532627127,-0.230083745292404,0.507475254132502,0.00830234104940526
255,572,-3.08367264388649,-0.21113950860268,0.906090177922896,0.756711991371121,0.0392280411204611,0.0522201575274474,-0.179466144164573,0.230682833675281,-0.549386698498761
256,573,-3.07636447537082,-0.210875564195037,0.906682611697918,0.760173425637064,0.0419662477200676,0.0372892525126971,-0.302370106829703,0.227926154436331,-0.987531502349191
257,574,-3.06895273470576,-0.210604596997974,0.907331314928675,0.761771219854067,0.0389349086167524,0.0205187933450194,-0.727674023845542,0.0631876500359261,-1.0665309770281
258,575,-3.06143793222392,-0.210306756016655,0.90805889402001,0.76029432816715,0.0308707150796968,0.00793947634673006,-0.925872304149913,-0.140739062046912,-1.0950569334237
259,576,-3.05365535976938,-0.209982850611892,0.908921009715658,0.755264029829192,0.020867018556457,-0.00295853845527178,-1.1103487436433,-0.350406924044951,-1.02249558637194
260,577,-3.04560470988837,-0.20964550447904,0.909909517806324,0.747854053804421,0.0125745365484253,-0.0152993464502852,-1.20469189492904,-0.681944632217992,-0.835382142505575
261,578,-3.03753265149387,-0.209288993682474,0.910946574827565,0.740798693702277,0.00640452882146705,-0.0261182619163909,-1.41522938214064,-0.829092319674184,-0.756554422335022
262,579,-3.02968553805233,-0.208904833452454,0.911949193198703,0.733426440914239,-0.0013226997331282,-0.0334849412981992,-1.26981884325612,-0.948686009108225,-0.63872341391028
263,580,-3.02230974770677,-0.20848229590052,0.912829448006179,0.725773085738712,-0.0113975081622229,-0.035634318337639,-0.92329810924704,-0.933172485934503,-0.399204930031466
264,581,-3.01552567112286,-0.207983464365138,0.913547986833968,0.717664918429606,-0.0170247215010085,-0.031867495746733,-0.497204761739204,-1.00858222308643,-0.0628987318287909
265,582,-3.00916901446714,-0.207407636654626,0.914160358723902,0.708589704924599,-0.0159742621185057,-0.0228728742397,-0.487009020313035,-1.19427404101436,0.102959976857698
266,583,-3.00306011310607,-0.206802577166776,0.914717143213423,0.698811286330212,-0.0107292974925585,-0.0113999095748621,-0.418466043501187,-1.25883210550151,0.333805727913671
267,584,-2.99702002260816,-0.206219944023146,0.915267637045561,0.689219996188911,-0.00512304799067413,0.000429037969492166,-0.581676320949043,-1.12291527460128,0.266595255901814
268,585,-2.99087020062668,-0.205714396887608,0.915860013053851,0.679246859729763,0.00144459689530624,0.0108289013007719,-0.597680923344756,-1.06066124707611,0.288616382672936
269,586,-2.9846066886817,-0.205294649467047,0.916520700218734,0.668582694624804,0.00655423061734063,0.0213595424506358,-0.333661087078217,-0.992470426933905,0.351688434444515
270,587,-2.97834953101054,-0.204925826004409,0.917214851194957,0.659626610062435,0.00867500697265826,0.0329853044740722,-0.17883452862648,-0.863620949324066,0.40671885005175
271,588,-2.97210622575604,-0.204599539629129,0.91789853450056,0.655236116329028,0.0109037404551796,0.0445802326205354,-0.230518880837544,-0.739449292798068,0.30367961971933
272,589,-2.96588410666368,-0.204308354252027,0.918527953303909,0.652307393779949,0.011897170508175,0.0547930579138392,-0.229400677112283,-0.616325063107718,0.049822817134018
273,590,-2.95969024289943,-0.204046075037315,0.919059310278734,0.646925043725269,0.0118942389376394,0.0609106832976736,0.0355219192481541,-0.469447274566422,-0.103692819203368
274,591,-2.95350956157363,-0.203810343740628,0.919489427164163,0.6447280644919,0.0120887932357741,0.0629065861861391,-0.0458206926933944,-0.253843450256712,-0.382582946410432
275,592,-2.94733544214713,-0.203607036668886,0.919848768956042,0.643710982553645,0.0100731699257318,0.0613305553013736,-0.0926706193957585,-0.134875546985639,-0.599415238224054
276,593,-2.94118738874571,-0.203443250147793,0.920143986008868,0.644674468970961,0.00978935116460693,0.057745908047082,-0.142983646468753,-0.27068076459604,-0.594997286517393
277,594,-2.93508520791757,-0.203326172006029,0.920381443815215,0.644192781227128,0.00459968796426864,0.0534146281112479,-0.0424905500700024,-0.0506457875234608,-0.522523859003288
278,595,-2.92904919769577,-0.203263393376671,0.920566991938185,0.643404688813282,-0.000148805446157064,0.0495348893387291,0.035478669224231,-0.255434281437832,-0.42847726690005
279,596,-2.92311516023825,-0.203225986101279,0.920703870383467,0.641907673721881,-0.00526509226394346,0.046233905433047,0.0516212623043947,-0.405296777068849,-0.381569835495269
280,597,-2.91726729422072,-0.203210614706505,0.920791931938688,0.639871205974545,-0.0118423312778201,0.0423928896361862,0.0777878060894225,-0.478893901692568,-0.326273155828916
281,598,-2.91144940999976,-0.203263290654503,0.920830625385416,0.63838855267977,-0.0174903245796978,0.0377887197466578,0.099901255493018,-0.659364680887951,-0.399938105465686
282,599,-2.90560597613213,-0.20342932246797,0.920818155316126,0.638032661035113,-0.0217649897605512,0.0328577441220008,0.228469831168199,-0.616318605476438,-0.312961513921066
283,600,-2.89968206186061,-0.203753221009168,0.920751400203627,0.639545245499151,-0.028108075209756,0.027541768022974,0.286719411799561,-0.562160117626172,-0.311521255791679
284,601,-2.89367282104149,-0.204294928304139,0.920642326451791,0.643428032050467,-0.0352891515571871,0.021564878848689,0.327503942120114,-0.554435075109056,-0.378898449416875
285,602,-2.88761517325363,-0.205024686545011,0.920496605141515,0.647802481419097,-0.0451116905823124,0.0152257178500565,0.465894966887319,-0.511848540169642,-0.467640079369738
286,603,-2.88151723558907,-0.205851765110866,0.920299241346141,0.653029426002513,-0.0546049706684313,0.00857745932615848,0.674278572319428,-0.47657595534708,-0.477710725002482
287,604,-2.87538698654981,-0.20668493542228,0.920033026653648,0.657629190125245,-0.0626345105426982,0.00116460023808353,0.790068526470903,-0.390419178588614,-0.603781064600711
288,605,-2.86923237786959,-0.207432102074817,0.91967834948518,0.66138047245899,-0.067724724904753,-0.00740866494504033,1.15921022904905,-0.101725216399137,-0.574822977177564
289,606,-2.8631059440553,-0.208053146660259,0.919219866508451,0.664166130501844,-0.076852536851062,-0.0171496482248746,0.820852724361723,0.210174641050594,-0.750376367867191
290,607,-2.85700455166919,-0.208604594538689,0.918671659655294,0.66912176376547,-0.0917342944366804,-0.0273260295018137,1.31314665902102,0.925568076253985,-1.31839348115654
291,608,-2.85085278534756,-0.209140928718186,0.91805339774337,0.667386613110162,-0.0775912209712718,-0.0391741528933412,1.11209126120416,-0.571264592417786,-1.2167759493075
292,609,-2.84457381252372,-0.209720756579411,0.91738055517909,0.664229630224774,-0.0680534500555526,-0.050612115454722,1.2740510730776,-0.225119498904437,-0.734449149450133
293,610,-2.83808875932235,-0.21040712150887,0.916664829934245,0.664721152790117,-0.066572165511385,-0.0604618630560137,1.30391574107783,-0.0193683927801048,-0.761700045231924
294,611,-2.83135896936498,-0.211210079884078,0.915893857704976,0.666725194250896,-0.0686079671348395,-0.0692971640706577,1.05273948195703,-0.291373347636288,-0.75963595659074
295,612,-2.82443665181413,-0.212090252546931,0.915053752310497,0.671111771923442,-0.0761800775657187,-0.0778595103807457,0.900464960545094,-0.281878675871341,-0.859666529020366
296,613,-2.81737712372855,-0.213040506198165,0.914150110935322,0.678949132069267,-0.0850544935229233,-0.0862782893487655,0.88986942042349,-0.402226682831208,-0.950280693463697
297,614,-2.81023476627589,-0.214054692070493,0.913186914486885,0.687614168099635,-0.0941517931745132,-0.0949010261407944,1.19344465687056,-0.495777345317596,-0.902407685855332
298,615,-2.80306355231023,-0.215127039704678,0.91216753702431,0.697726493473595,-0.0994751254249846,-0.103302440262628,1.23615598874691,-0.372621677878875,-0.860115989879201
299,616,-2.79585971894285,-0.216325490836437,0.911027871433255,0.710841340865492,-0.101385926692185,-0.114140940380665,1.06140729483714,-0.223722145103516,-0.813169566350414
300,617,-2.78858676066465,-0.217654890604221,0.909762840349236,0.724260853962476,-0.104947314281282,-0.127782507974001,0.848604602412995,-0.0249720604008136,-0.871047219741152
301,618,-2.78125024182622,-0.219014611571235,0.908465820036759,0.734463162733936,-0.109842003647756,-0.139978941335056,0.777797974368791,0.376904383936475,-0.873912306547203
302,619,-2.77385545077283,-0.220305725038033,0.90722980132348,0.739115660851899,-0.108950528244324,-0.145089351380307,0.985722067650706,0.0765880033727838,-0.819604610099371
303,620,-2.76640670643019,-0.221431957812117,0.906146007180635,0.739987311428979,-0.102974986629354,-0.137807335121937,1.0027569889588,-0.277760351414174,-0.299720948859327
304,621,-2.7588337626956,-0.22229942150849,0.905149895135216,0.738119498428883,-0.0886463814978879,-0.112363416657559,0.616190809480098,-0.348283211386898,0.311084600013526
305,622,-2.75113501095998,-0.222976571873283,0.904183046522698,0.730347642879279,-0.0658370064572536,-0.0747826491861369,-0.136035567720013,-0.681078966525104,1.8430202852519
306,623,-2.74341621073956,-0.223610521810356,0.903343161144272,0.715957850741196,-0.0439128064299456,-0.030324434790872,-1.04713866093569,-0.904789412149977,3.74206570542319
307,624,-2.7357824215258,-0.224345151905264,0.902726237019565,0.706739915763498,-0.02677826798267,0.0109116265706604,0.329967117324129,0.22064402181352,5.24206943101661
308,625,-2.72833818691504,-0.225321291738398,0.902426752194446,0.710443920263511,-0.0184177936155626,0.0406118682449516,0.0938871498463273,0.391169457206504,5.77878157551118
309,626,-2.72118250330444,-0.226590737705192,0.902531815888212,0.723008603774265,-0.0263936322046678,0.0604760648256778,-0.943158857446353,-0.281720288155338,2.91871216989094
310,627,-2.71424503747256,-0.228057864513888,0.902978654548189,0.730755893882906,-0.0583201846012639,0.0720485563219688,-1.28067727206284,-0.188070447932184,1.19458860385782
311,628,-2.7073755848004,-0.229641125906052,0.903635757897242,0.729128257159952,-0.0930761095025503,0.0752745676601693,-1.14921104131147,-0.410670281030068,0.145358774123686
312,629,-2.70042335479322,-0.231259572817578,0.90437098402413,0.720572901479142,-0.117274198304453,0.0736234600009075,-0.495841399468717,-0.604416771230275,0.0521273742003345
313,630,-2.69323708059388,-0.232832244621876,0.905052183598313,0.714179236412743,-0.133585765280804,0.0710441780233599,0.084603463693806,-0.390289337687526,0.1426228447432
314,631,-2.68572163262671,-0.234402726954455,0.905705219338753,0.714135643690612,-0.138817384618634,0.0678495625256798,0.495209076891686,-0.346391282926909,0.0745154928972331
315,632,-2.67797528228034,-0.236023105199704,0.906423217776747,0.721761203783853,-0.138292819056238,0.0638291379267588,0.0732092444538884,-0.437811145594251,-0.123599823911445
316,633,-2.67013748661015,-0.237625943117083,0.907174519337313,0.733724850148794,-0.140298586295029,0.0595837880023577,-0.363173187480081,-0.23857266910396,-0.456098469502366
317,634,-2.66234895975968,-0.239146842065151,0.907924406029346,0.745819187285446,-0.139390442320513,0.0560594171938811,-0.511934375042565,-0.279270434354777,-0.526234099900733
318,635,-2.65475184923236,-0.240524480427527,0.90863420793869,0.754690102508114,-0.137192246473667,0.0541233878352815,-0.506956546636559,-0.132894087697334,-0.396210529207367
319,636,-2.64729756499711,-0.241707957397843,0.909315856092456,0.759370800825052,-0.130049797064481,0.0543406070640614,-0.629835370247817,0.00404894272111273,-0.361178609633388
320,637,-2.63989207244561,-0.242743586294163,0.909997926101331,0.759263268937212,-0.119458403010966,0.0548370229682886,-0.49838605243536,0.298032417437407,-0.302497482775993
321,638,-2.63261064283566,-0.243715250424537,0.910661484765543,0.754457469429876,-0.107767954163384,0.0557788688147175,-0.375622776107498,0.450464769903751,-0.290466904352971
322,639,-2.62552887872367,-0.244703490061577,0.911284281750642,0.745505911543196,-0.0942042352955511,0.0569527531037366,-0.357097066222584,0.37712590262289,-0.311339182862294
323,640,-2.61872272749203,-0.245785575296333,0.911840868099219,0.735942000369784,-0.0810795688907615,0.0580733571101488,-0.68191732107134,0.328281231500648,-0.338755510892012
324,641,-2.61231418476861,-0.247001548737141,0.912310164831569,0.723649881329716,-0.0705029357490919,0.0593268862817053,-0.995659027453849,0.318985572894381,-0.534369498686127
325,642,-2.60625459148542,-0.248296525766549,0.91270489479068,0.706079625308934,-0.0626517639204602,0.0596116375522543,-0.984495536332103,0.259708686389012,-0.29500805912162
326,643,-2.60036374787132,-0.249603469281393,0.913048667006774,0.687604871898278,-0.0556383781702535,0.0597470777054024,-1.08159880851297,0.46465394950082,-0.228825708833484
327,644,-2.59446056566684,-0.250856085167759,0.913365472115765,0.669261706594371,-0.0499439339687059,0.0596017789526222,-1.09884969287296,0.472814011890815,-0.112729298570501
328,645,-2.58836303496481,-0.251988874929236,0.913679783079207,0.654301265510251,-0.0483537409063257,0.0586747835528314,-0.853559656495665,0.616493547462933,0.0962156167989617
329,646,-2.58201221100511,-0.25297225095196,0.913995340599468,0.644068935524594,-0.0487569723588942,0.0582328797228802,-0.725597382902833,0.81769038473414,0.198770420718944
330,647,-2.57552923058136,-0.253847587813343,0.914295177993872,0.63635337474544,-0.0469541233849913,0.0592758242997627,-0.503499632630166,0.735554377297571,0.240528247178577
331,648,-2.56900158751174,-0.25465753692274,0.914573390132245,0.632862647891466,-0.0451833888693578,0.0613552656703732,-0.507717767083668,0.731420817785663,0.0817118944502492
332,649,-2.56251662512029,-0.255446507176474,0.914823932570123,0.63150138224357,-0.0429885228807632,0.0623537039780405,-0.425729093825363,0.677399688330949,-0.0877297181737867
333,650,-2.556161528694,-0.25626047074044,0.91504048504811,0.631154699144155,-0.0387312454612097,0.061231208333408,-0.360334456032738,0.793920497488941,-0.321651011562656
334,651,-2.54993137201343,-0.257115657384609,0.915228900804482,0.630363505983315,-0.0354021224442909,0.0568743964259728,-0.290161741301667,0.942175431709152,-0.558192532842712
335,652,-2.54376674873781,-0.257983782896795,0.915395104649728,0.629817043158464,-0.0313644659642101,0.0502734428421811,-0.226257517856746,0.959911962094015,-0.675412493098176
336,653,-2.53767295875339,-0.258844481699444,0.915531954081912,0.629779397611225,-0.0294159428647699,0.0420227598230246,-0.112126552518066,1.03355356842437,-0.803311231899021
337,654,-2.53165531745758,-0.259676611316053,0.915631240478185,0.629788606509396,-0.0286438345544129,0.0330113940834131,0.079678692187645,0.976088348886333,-0.880157478599075
338,655,-2.52571917253388,-0.260458285588799,0.915683702888563,0.628778582312371,-0.0283611297313019,0.0238861012883177,0.313048050336554,0.946098280969742,-0.895665197857474
339,656,-2.51989581896036,-0.261223030301407,0.91569440282573,0.628419889087712,-0.0275749477896073,0.014626689789088,0.32455132966575,0.820325458747353,-0.994684644150518
340,657,-2.51418030876629,-0.261985255033779,0.915670678641198,0.628095602018632,-0.0253717398153397,0.00458387430567121,0.360537775209027,0.586708173930086,-0.978618861560246
341,658,-2.50852388454302,-0.262694106585816,0.915605802273594,0.628057026368574,-0.022146531348771,-0.00544737598169316,0.358878755077368,0.510639815170332,-0.965748002762463
342,659,-2.50287803148625,-0.263299185551224,0.915492607221571,0.628629604702678,-0.0190395391505544,-0.0149794500620346,0.336278512801536,0.526472230031486,-0.863506343012347
343,660,-2.4971944032271,-0.263750695394543,0.915323289789224,0.630141050767273,-0.0142331387440285,-0.0233280889783773,0.150370552468881,0.575020704444553,-0.791718841722178
344,661,-2.49147422027534,-0.264041942569719,0.915090922649712,0.631334982929636,-0.00609443538302152,-0.0303829638660198,0.0963479138357758,0.619055358524262,-0.621714492727732
345,662,-2.48574928703732,-0.264207807469364,0.914802452497134,0.632691742211127,0.00453757069395461,-0.0365383455946743,0.0518911891539727,0.610594772521429,-0.517528140826266
346,663,-2.48001755730308,-0.264260797572679,0.914469842138168,0.633443027463402,0.0149586103169383,-0.0419102124397427,0.0298026231659601,0.748877044529577,-0.444187563346769
347,664,-2.47427736008064,-0.264212616386765,0.914104324949364,0.63371545319802,0.0256479989855905,-0.0465846664504908,-0.0165569550820961,0.808236231980485,-0.433565812695651
348,665,-2.46852728403853,-0.264074115313616,0.913716317219864,0.633449439857906,0.0345528922170194,-0.050649131512335,-0.0339231770293601,0.871145442305506,-0.402007172720565
349,666,-2.46278972627935,-0.263835303541687,0.91329586969564,0.631516622259369,0.0410203766142491,-0.0543210416859491,0.0968810430220419,0.863655645322852,-0.316489755159431
350,667,-2.45706645292381,-0.263490379591738,0.912836985425503,0.628802589728238,0.0465254923902715,-0.0574739891085314,0.119947412134276,0.735632906231628,-0.336703282389446
351,668,-2.45132556205246,-0.263053992917237,0.912354408580647,0.626447765371762,0.0507913595521288,-0.0600892612593389,0.184417288841496,0.510314540470313,-0.324540638631034
352,669,-2.44553534362761,-0.262538328783101,0.911861577635952,0.623972907772377,0.0546584763313698,-0.062059228039366,0.289091507665389,0.435868562386847,-0.383351057632621
353,670,-2.43966393678402,-0.26195331205415,0.911370699214564,0.62118082662554,0.0597445767197786,-0.0641755003707213,0.443921035246059,0.430401439839146,-0.283232581178048
354,671,-2.43370893648108,-0.261269285231253,0.910865904384874,0.620795219225355,0.0651938194760221,-0.0657822432702844,0.48139707545968,0.419936501982879,-0.21102669099141
355,672,-2.42769243195364,-0.260475810337288,0.910339037092271,0.624364606485829,0.0723170020042492,-0.0661759205859462,0.452299107537535,0.538889584925719,-0.27295047353038
356,673,-2.42161862521936,-0.259610597236581,0.909810216375271,0.62773768704484,0.0785922757807316,-0.0663868069191743,0.588303506250452,0.305836943111211,-0.221098141522644
357,674,-2.41549096473963,-0.258711959671385,0.909295907275315,0.628478713608148,0.0848437331634232,-0.066616807418866,0.961466168626724,0.561637458694501,-0.0276655244359017
358,675,-2.40931209676114,-0.257818858507209,0.908809672456291,0.629010656501694,0.0897825754866106,-0.0672709768915001,0.748088463611982,0.581428198963578,-0.144331543850778
359,676,-2.40311135006073,-0.256893994853941,0.908360172877429,0.631094651137267,0.0949958059628746,-0.0689231281621793,0.578714180254939,0.610904822197804,-0.277903337291526
360,677,-2.39688525509439,-0.255910916252808,0.907932654255982,0.634423371254071,0.100037221213552,-0.0722785584269409,0.647613302441504,0.789512789629006,-0.141463129616302
361,678,-2.39058726288464,-0.25492575598589,0.907504895565438,0.638906442149702,0.104617668080914,-0.0751169089168818,0.593887826966717,0.704971847344907,-0.0753618577215749
362,679,-2.38417141954187,-0.253994652377173,0.907055320454528,0.643130973199301,0.109176926068699,-0.0754909486518897,0.697514252309871,0.170274275138546,-0.318840078994307
363,680,-2.37759231791349,-0.253173242506722,0.906562705908677,0.647902690544667,0.112074190285437,-0.0731051522697304,0.730115462783848,0.238378088208048,-0.362726096403388
364,681,-2.3708048603092,-0.252456557591829,0.905942733525361,0.656694063139722,0.107611298146432,-0.0655792488481391,0.583307405434649,0.18482076063007,-0.382702079407753
365,682,-2.36384041407735,-0.251806768186435,0.905210344462326,0.671528880168943,0.0966868162442239,-0.0533019689152856,0.656593758052552,0.44864590370867,0.257525109785089
366,683,-2.35676824191737,-0.251230011959312,0.904493045983102,0.689333912685432,0.0790708316997906,-0.0389066684176833,0.479244643494718,0.593172738951793,1.21991401711935
367,684,-2.34965669950987,-0.250733244900232,0.903917348385212,0.697803010456044,0.0642172893250386,-0.0255786601553257,0.920079013954064,0.368173794720999,1.82151182090693
368,685,-2.34257313493103,-0.250324421229008,0.903608511714551,0.698450696379316,0.0582337934797059,-0.0161851310151505,0.178205642880711,-0.237720245741851,2.76534678341518
369,686,-2.33550714527774,-0.25010208504428,0.903619371847256,0.706594297468485,0.0589467065077584,-0.000613262156595928,-0.980127899127246,-0.218915318288603,3.06671456908357
370,687,-2.3284133071015,-0.250060843742306,0.903867959690898,0.720394371832092,0.0575359749110543,0.0187062007652429,-0.487532026607858,-0.460986354127869,2.6025318615814
371,688,-2.32130563153731,-0.250054022444246,0.904276113237626,0.731802384130962,0.0502414490253446,0.0316727664002215,-0.496458251178869,-0.327638497620306,2.43326865360249
372,689,-2.31419788394972,-0.249935572291779,0.904765021911128,0.744747002534083,0.0417518472044134,0.0444952069545394,-0.769102654397713,0.444673425537472,0.82855374730024
373,690,-2.30710359363653,-0.249559870445952,0.905255541648146,0.753210595282904,0.0374969784272327,0.0502693385792652,-0.757426893583228,0.131762893338013,-0.232374381188262
374,691,-2.30008672610242,-0.248878316775348,0.905729747625247,0.758129325858708,0.0398913233158356,0.0470483198190451,-0.58167059316815,-0.102030023163742,-0.374097320676057
375,692,-2.29313665312715,-0.247988465578336,0.906244427958003,0.764686784415359,0.0485868390844338,0.0388310034162658,-0.512598403190665,0.217923286647892,-0.471036827762658
376,693,-2.28615502204869,-0.246963678599922,0.906832303709755,0.769121503611542,0.056443215654892,0.0274117024313081,-0.473650497237389,0.144102397350457,-0.153377807719318
377,694,-2.27904395435768,-0.245877165188935,0.907525055283963,0.771957321031256,0.0620261789891718,0.0178364498972548,-0.52934938108867,-0.182189060898193,-0.189986602555076
378,695,-2.27170627192142,-0.244802424235278,0.908352856818533,0.771266316719587,0.0640396496116168,0.0105400679297958,-0.604671627512544,-0.369853105626759,-0.232690581247445
379,696,-2.26398014261525,-0.243726984539986,0.909397972753457,0.768298920067069,0.0636314261559815,0.00471905405240278,-0.839558464456877,-0.649397366541737,-0.209767126726354
380,697,-2.25593020984202,-0.242602922931254,0.910646896621821,0.766277621655334,0.0625894687932244,0.000243744696588378,-1.06183335400639,-0.853892465056376,-0.356453204027599
381,698,-2.24779970447626,-0.241449221184491,0.911981538119837,0.76300137879644,0.0617999381327954,-0.00290145631777017,-1.24132999426196,-1.00206576843453,-0.421305401361527
382,699,-2.2398320106693,-0.240281731165531,0.913278714539819,0.758933631663207,0.0626134802585528,-0.00482483886469639,-1.16475083537954,-1.01350712304898,-0.301531661507626
383,700,-2.23227098345816,-0.239113224422411,0.914410185189739,0.752484209435492,0.0667167325125161,-0.00277526868449351,-1.10041766919957,-0.905512942487135,-0.0883425500192163
384,701,-2.22516631484953,-0.237922585342938,0.915358554260736,0.742078752818528,0.0739080094518574,0.00548631413704849,-0.939978483569931,-0.917556387483389,0.190591904446231
385,702,-2.2183567985951,-0.236694417346074,0.916205973187206,0.730921473596481,0.0832599077290602,0.0166164515133596,-0.76668476598409,-0.973350944837834,0.17805714819308
386,703,-2.2117705734832,-0.235451346158975,0.916969505598348,0.720697200382641,0.093491205302498,0.0292973191856467,-0.919802562183494,-0.856819720094257,0.516883908344872
387,704,-2.20533575350183,-0.234219549026151,0.917665140966805,0.713735112240598,0.100337895085574,0.0419765967985122,-1.24614587849254,-0.483770071990531,0.157935243329157
388,705,-2.19898011458216,-0.233028139534246,0.918308027780718,0.704002250866672,0.106405023934261,0.0511271932100752,-0.840855362767223,-0.700352630620489,0.00163991406815861
389,706,-2.19275164151954,-0.231849367509738,0.918883998528231,0.692005965007624,0.11006383335533,0.0578043102601149,-0.426800768428056,-0.769505845326766,0.0249528702618907
390,707,-2.18669824778972,-0.230663884122744,0.919380403081638,0.679345836469744,0.112398443904716,0.0627730315519291,-0.0364400088629064,-0.93855341677148,0.188093877858625
391,708,-2.18074731985456,-0.229516682544339,0.919814347174385,0.670699896778228,0.113394097962578,0.0678722203157722,-0.0309907404744893,-0.612508495632944,-0.0776586324890382
392,709,-2.17482643973925,-0.228454976616557,0.920202789826965,0.662989607672858,0.112443612818835,0.0719144432972301,-0.258771108803923,-0.680257173645839,-0.301309039462306
393,710,-2.16886323410384,-0.227528315069411,0.92056252009707,0.65356780409868,0.108415448146447,0.073156674997382,-0.106201733272982,-0.600464469329252,-0.493863309357411
394,711,-2.16283151579282,-0.22675560285314,0.920899645391476,0.645865821168637,0.101575306462482,0.0714198076420271,-0.121760479294621,-0.67992509506728,-0.620980189337853
395,712,-2.1567768311113,-0.226106635095438,0.921204411077528,0.64128960194209,0.0891093744533179,0.0674631522237619,-0.0697062371545635,-0.522504999697309,-0.686154958318069
396,713,-2.15073457111608,-0.225558803819534,0.921469748044419,0.636896932715263,0.0743092280089364,0.0617738179165891,-0.117600572636969,-0.59664944517989,-0.637645311225226
397,714,-2.14474071993466,-0.225089731655856,0.921688228654389,0.63463913786288,0.0621110208496762,0.0558055185971292,-0.188652942520184,-0.71404803764465,-0.51831762720506
398,715,-2.13883195876579,-0.224677857416104,0.921851771062644,0.630811595112811,0.0496315901638886,0.050036862989739,-0.192796866306391,-0.596355557955491,-0.468160333927174
399,716,-2.13303746256687,-0.22432690693797,0.921966288360037,0.625949463550619,0.0379571570451754,0.0442807555229796,-0.341074192031996,-0.599856083142831,-0.473875357500324
400,717,-2.12733031848393,-0.224054870577986,0.92204183575852,0.619961563466853,0.0264948497986081,0.0376743589380797,-0.289014000696013,-0.654983907160208,-0.561877580761414
401,718,-2.12166452385013,-0.223861246934098,0.922074842409,0.615208497122055,0.0189625667370145,0.0309314464350658,-0.207951958519616,-0.689247456802786,-0.510558105051437
402,719,-2.1159952558988,-0.22374362398491,0.922059843841196,0.611259205404391,0.0104920230102926,0.0244718897768794,-0.306219273321934,-0.502756400154621,-0.523931609712874
403,720,-2.110278656892,-0.22369758353673,0.921989140898872,0.607762598492186,0.00409493603239913,0.0177770871680863,-0.135637305774349,-0.54529001118485,-0.470614016981548
404,721,-2.1045062466225,-0.223725064378796,0.921857291417886,0.604652757050529,-0.000885099333823054,0.0104991707179072,-0.0457795817283867,-0.500160290837594,-0.544601750630492
405,722,-2.09870832719188,-0.223828778321525,0.921672316715082,0.602700298521056,-0.00353018450962988,0.0029290970282683,0.124659907111083,-0.373606610411996,-0.571867135318909
406,723,-2.09290033710956,-0.224003396666138,0.921442970704328,0.602110172197562,-0.00775862110300659,-0.00450163691834929,0.141709750391174,-0.276264629512292,-0.603674020063682
407,724,-2.08709815593476,-0.224242669445688,0.921175053465409,0.601031666689531,-0.0126089301981917,-0.0121446548065884,0.37550637081464,-0.242915543359147,-0.617147084855616
408,725,-2.08131767092223,-0.224539467330609,0.920871365044601,0.600305859648554,-0.0179120230347626,-0.0192759231606415,0.451043870875117,-0.268099881457628,-0.605109380378252
409,726,-2.07555142168283,-0.224924263185713,0.920526188106735,0.599059846073347,-0.0222337054910879,-0.0266848636308498,0.568949212914509,-0.561755868602423,-0.577873313047398
410,727,-2.06979040145018,-0.225399042273754,0.920134802430769,0.599898803152431,-0.0287501232917172,-0.033547803868829,0.566468863009756,-0.630854979011596,-0.544733826110213
411,728,-2.06404775486082,-0.225914324255623,0.919697796498889,0.600674420252013,-0.0369123558248624,-0.0402160950997627,0.563410111895927,-0.667810695479305,-0.611825352199086
412,729,-2.05833622961421,-0.226421863874328,0.919213742846571,0.601708841627044,-0.0446254124751236,-0.0465775692899421,0.619654545414374,-0.742505135722997,-0.663532256654968
413,730,-2.0526681540752,-0.226874572598233,0.918679563009647,0.602823062426532,-0.0506215836898682,-0.0532929402556616,0.518791548372529,-0.6989671963311,-0.665818851870278
414,731,-2.04710974322758,-0.227206943670405,0.918092374619155,0.604433111678279,-0.0708508601815019,-0.0611988322575117,0.397681862960944,0.34097120538842,-0.942365905378434
415,732,-2.04165314268405,-0.227450839963508,0.917448404528311,0.606906213996006,-0.0870431249217214,-0.0694798938933395,0.75116959731642,0.40393376917175,-1.49283340805464
416,733,-2.03619863723054,-0.227706441816262,0.916742470025524,0.606509137016267,-0.0699475319603537,-0.0794641411971535,0.606841676547236,-1.41313951797773,-0.695653913573317
417,734,-2.03064514665791,-0.228074142959469,0.915969494253232,0.604159484065633,-0.0628881712195924,-0.0879598602287512,0.841426441093351,-0.640452571735407,-0.301940883929326
418,735,-2.02489038250595,-0.228654388849397,0.915124635199347,0.602899743180408,-0.0635622954832066,-0.0935650664136616,0.651421179775049,-0.23512208528654,-0.42944802510639
419,736,-2.01892438620098,-0.229501465777358,0.91418695930462,0.599817320155456,-0.0647908126245283,-0.097286371247126,0.313828933143353,-0.305364825806719,-0.267302334322357
420,737,-2.01281358303255,-0.230548922199361,0.913157699734308,0.595599437247973,-0.0687347194864865,-0.09888946189785,0.169509639340896,-0.298445714313858,-0.202387069521249
421,738,-2.00657037379372,-0.231716235683574,0.912066252668183,0.591915151580136,-0.0735948632258864,-0.0984651339012892,0.489618659997977,-0.135385369726161,-0.126505693999526
422,739,-2.00020763837338,-0.232923358229448,0.910942286021657,0.587944111203102,-0.0768522829227647,-0.0973639861629311,0.751328487572682,-0.0759997036907978,-0.0294743186570062
423,740,-1.99373844628936,-0.234091009990967,0.909815289361522,0.587332013328117,-0.0802983803717444,-0.0955486354337688,0.692371907085527,-0.141695264840563,-0.194370465584586
424,741,-1.98711254425334,-0.235237918795017,0.908618814946884,0.593022703806438,-0.0842663896252778,-0.0936389389574225,0.739925336003461,-0.270028789806098,-0.294665807831867
425,742,-1.98032210566284,-0.23641886447735,0.907334502294994,0.606149846007413,-0.0872178437415923,-0.0912249499585821,0.855281990100223,-0.462684489014079,-0.032820621688843
426,743,-1.97344365034808,-0.237608717145583,0.906063189288923,0.621569871443234,-0.0882498560468562,-0.0875757430231929,0.859617354693303,-0.760785077696926,0.416549564353902
427,744,-1.96655337513009,-0.238781226310493,0.904904914315906,0.633895557563362,-0.0910106266695355,-0.0811135439070528,0.552910482781876,-0.832716372007975,0.822026372197655
428,745,-1.95972716131445,-0.239909010748016,0.903959052905272,0.639827448128913,-0.0926514627889899,-0.0695501989336934,-0.121168708500179,-1.0456261220367,1.62757684463352
429,746,-1.95287150261392,-0.240933997782678,0.903224270468379,0.639541398392833,-0.0912646577785848,-0.0489171721319831,-0.552808371644864,-1.11569658362401,2.72018636186705
430,747,-1.94593625033731,-0.241875530492377,0.902635519117084,0.635430339891747,-0.0862516414645549,-0.0198975452557036,-0.72255807215726,-0.817418478760151,3.57001027323001
431,748,-1.93906161862607,-0.242820464299138,0.902195888718413,0.636814337131083,-0.0819379419856147,0.0124802075937898,-0.159245180954789,-0.32897457403451,3.7068200062698
432,749,-1.93238717318804,-0.243853877602531,0.901907802022413,0.643439549659305,-0.0815206285506988,0.0418799700332645,-0.240558787339338,0.0547028598338607,2.55669917912669
433,750,-1.92605193283622,-0.24505955700632,0.901773220684349,0.651637441930438,-0.0864103079039477,0.062406081051063,-0.597087398617266,0.0699718956541157,0.882668107162963
434,751,-1.92023365277649,-0.246511393865644,0.901849133629475,0.655169339626718,-0.0967690855812363,0.0695639567865489,-0.728509984351781,0.171198733881169,-0.0268294083979034
435,752,-1.91483819321846,-0.248153222815644,0.902137666724945,0.649799413994859,-0.113266012696752,0.0657032469026139,-0.295830467580851,0.273201854070372,-0.409885690049625
436,753,-1.90959675088085,-0.249873685522975,0.902557087693839,0.637779562392523,-0.127890714927308,0.0558141368320987,0.255548094097219,-0.0764284563441408,-0.407923032306693
437,754,-1.90424102248652,-0.251560705566867,0.903023065118718,0.624486216244644,-0.13803741739199,0.0455109904035368,0.34689315462085,-0.413891171865122,-0.322182844175472
438,755,-1.89850325025042,-0.253100482967847,0.903448424382934,0.612910004551324,-0.140941776114663,0.0386187227687373,-0.0280190969782521,-0.535666028425349,-0.240018352768284
439,756,-1.89224013251739,-0.254477520060232,0.903839560121648,0.607005010020353,-0.142143861878788,0.0351500029034587,-0.755117221785012,-0.28546678883123,-0.298916974482186
440,757,-1.88563004378872,-0.255765580065485,0.904254951977146,0.60516882125883,-0.14432392735671,0.032439199613738,-1.25257053438918,0.185890608732618,-0.382051611084297
441,758,-1.87888852517636,-0.25698387577128,0.904683287913288,0.604607866814691,-0.144903575068173,0.0305135272799637,-1.3892557359064,0.503057603902312,-0.154220153055267
442,759,-1.87223157326479,-0.258153446443495,0.905111950789496,0.606348773505496,-0.146355241806277,0.0298305037279558,-1.47625003838742,0.836200173068897,-0.00459876108683795
443,760,-1.86587570459685,-0.25929737984162,0.905526787903877,0.60707052725663,-0.147262122674716,0.0294701370976908,-1.34640810414778,0.896393429085561,0.122684636439801
444,761,-1.85981532034825,-0.260413839133649,0.905936238091591,0.605480091679602,-0.14070413653341,0.0293885349344248,-1.25107325776674,0.635557792905143,0.118501918317925
445,762,-1.85390754447034,-0.261487815009938,0.906348811605098,0.601535566455688,-0.131293230993181,0.0300512121506493,-1.19932001765518,0.565056467387292,-0.10086635909494
446,763,-1.8481628809086,-0.26252383325014,0.906748983904574,0.595222602080864,-0.119767547409642,0.031151159949081,-1.11990438806437,0.437006657541339,-0.341109585956099
447,764,-1.84259123116535,-0.263526476198776,0.907120460098565,0.587787980498016,-0.10711776712635,0.0322593797974894,-1.0391501983806,0.261467330896932,-0.448567436692539
448,765,-1.83720200030248,-0.264500558733341,0.907446344201235,0.578903431548414,-0.0972097598895566,0.0334012684878842,-0.978108141096376,0.152053104221972,-0.308671637408713
449,766,-1.83204770513882,-0.265431919506632,0.907702099405894,0.568293310962064,-0.09148830300808,0.0357355972799116,-0.979940730812351,0.121888298993853,-0.194120424249718
450,767,-1.82712221507071,-0.266317787327292,0.907897347308056,0.554524981074035,-0.0891698323151727,0.038586230265625,-1.00320118691255,-0.0521970352645941,-0.154808183099853
451,768,-1.82234676527349,-0.26718046768224,0.908066536841785,0.538464266060345,-0.0894143017766111,0.0406423954411173,-0.731270706360656,-0.0422782259192807,0.17754847170753
452,769,-1.81764252858907,-0.268042519191879,0.908244385584844,0.524278051477395,-0.0894043675572868,0.042067476279363,-0.752386529683016,0.0325593170509117,0.321282847857095
453,770,-1.81293045297049,-0.268926825441616,0.908465840590784,0.512338892533856,-0.0884322702592674,0.0430375314922674,-0.788096967476568,-0.0652440039086735,0.289261701321487
454,771,-1.80819117765489,-0.26985395240713,0.90874504655722,0.501979780629118,-0.0854309641329183,0.0437801318737182,-0.698767409663137,-0.0889824613525611,0.291820392373339
455,772,-1.80347692047005,-0.270810819616494,0.909059728003983,0.49324229906255,-0.0813157538802456,0.0447917755675576,-0.680211247396829,-0.0760179506775044,0.158700469327212
456,773,-1.79881576031484,-0.271769552264741,0.909390246552844,0.486184019233431,-0.0789216624969698,0.0456219070303091,-0.689141801443806,0.058437832450319,-0.0498442587509165
457,774,-1.79423583236991,-0.272701431456529,0.909716549828767,0.480079120444825,-0.0745257738305451,0.0459147558713234,-0.515934591720421,0.16312069388648,-0.209844367784052
458,775,-1.78976534737448,-0.27357675048164,0.910018079557313,0.474422573868199,-0.0692539390969205,0.0455660088198939,-0.364259050538926,0.224485913479813,-0.14859557918411
459,776,-1.78543567548572,-0.274392456104279,0.910283830665343,0.47002893042987,-0.0635789773755446,0.0443011126839678,-0.263994719823759,0.133227790036767,-0.218351747889027
460,777,-1.78122705137869,-0.275169288717783,0.910529071271347,0.466271106948696,-0.0605869776732164,0.0418850029187078,-0.196992825117371,0.360488202118167,-0.267783720258691
461,778,-1.7770910310976,-0.275911813362259,0.910771755749254,0.462267989267887,-0.0579658939966125,0.0386394941147632,-0.0930985260345433,0.348242294935179,-0.225538328471538
462,779,-1.77297917684607,-0.276623746678854,0.91102913587577,0.458535892349093,-0.0546269190965262,0.0350352245444313,-0.0262953611038824,0.324871018147836,-0.250101276810865
463,780,-1.76884308053227,-0.277308019919371,0.911317749476052,0.455466175304751,-0.0498442972935535,0.0317182107433298,-0.103027117675253,0.272378473468652,-0.316480386060025
464,781,-1.76468244843928,-0.277970122415072,0.91166254404357,0.452859598369563,-0.0463207394676994,0.0287014163645575,-0.185355262257172,0.279674863118537,-0.33358708657431
465,782,-1.76052846455061,-0.278607414197911,0.912053532952732,0.451048830180806,-0.0438523770824134,0.0256897634823854,-0.166075895502741,0.268247520991411,-0.275166324459783
466,783,-1.75638021130896,-0.279209801585343,0.912454146324874,0.450262288250992,-0.04062973106789,0.0229458695019729,-0.123112272526336,0.184419548031136,-0.227718234377483
467,784,-1.75223702138698,-0.27976667468822,0.912827431656105,0.450341467183989,-0.0372260736491139,0.020261101601166,-0.0330677047075661,0.120199515665394,-0.162363896124135
468,785,-1.74809840432389,-0.280266837262955,0.913135938014039,0.451262269532656,-0.0330761970272922,0.0176025391007225,-0.0344660247910823,0.0194813073519178,-0.185136496278505
469,786,-1.74396837925959,-0.280706918254674,0.913375568521796,0.451968364506046,-0.0301792109466145,0.0143666516182403,0.0575229890951251,0.171492782012731,-0.263581711220547
470,787,-1.73984676307136,-0.281092160431212,0.913572439927012,0.453079603468832,-0.0260683975749377,0.0107673736160865,-0.0150841193223943,0.0928723914798218,-0.387179887446018
471,788,-1.73572728445033,-0.281424405023481,0.913733393342607,0.453086369653717,-0.0212664405354946,0.00676720454351899,0.108219118837762,0.0908862440924613,-0.373837655455999
472,789,-1.73160420427534,-0.281706341385413,0.913864397065599,0.452016463012112,-0.0172304870679829,0.00250124096749714,0.191722052330726,0.131234839351911,-0.340171210619315
473,790,-1.72747222861474,-0.281941558982303,0.913970514722537,0.451075266299608,-0.0132385154777373,-0.00131621774142127,0.160877139881376,0.20043475528979,-0.39619127808138
474,791,-1.72333514821209,-0.282109620545296,0.914046709671994,0.448880793862322,-0.0104674914653989,-0.00503754314639702,0.212513919621735,0.193871575472923,-0.405663347145694
475,792,-1.71919725405012,-0.282208163751184,0.91408923616757,0.444816483234878,-0.00827297858785625,-0.00919388217773658,0.378378137055746,0.210685646241411,-0.337874491598264
476,793,-1.71505436913281,-0.282268519715443,0.914103698980783,0.441206352505499,-0.00628386382854493,-0.0129219155501985,0.376117451169097,0.272850219227263,-0.363765050753144
477,794,-1.71090234770661,-0.282321967072057,0.914094732063492,0.441339334740345,-0.00306400212532969,-0.0153045222551461,0.452444238311302,0.23825962444052,-0.507691259046785
478,795,-1.70673698257588,-0.282399746415732,0.914066070401316,0.441953991061394,0.000286982602411549,-0.018149348074652,0.627067950397688,0.259842043170245,-0.586496166541663
479,796,-1.70259716077825,-0.282494293153205,0.914021985371329,0.443012767209692,0.00281327279290545,-0.0220145867596983,0.646569278927512,0.361697333987838,-0.542889799075465
480,797,-1.69848609802624,-0.282584728921639,0.91395778891667,0.445659826453143,0.00311029146382038,-0.0261421844970874,0.695133476515357,0.361715307096442,-0.570983275388069
481,798,-1.69434601588436,-0.282682618716634,0.913862943509434,0.449746072072826,0.00218989395081244,-0.0303768894373967,0.739021779568278,0.285682109145239,-0.597274962018964
482,799,-1.69011912117978,-0.282799849684595,0.913726642425217,0.454856763466514,0.00116538074663563,-0.0344629814955301,0.762734419316266,0.0416623377828191,-0.552645113137876
483,800,-1.68574759062497,-0.282948471296881,0.913537910317546,0.459721192376278,-0.000558144437620803,-0.0384560210922542,0.773243926143455,-0.112086182220191,-0.580649794305672
484,801,-1.68123127933961,-0.283113937143043,0.91330412533684,0.464179717847473,-0.00423069230648728,-0.0422860451728257,0.79092450491565,-0.204325247402571,-0.54266871118316
485,802,-1.67660882087966,-0.283288715660832,0.913030902467751,0.468945697058263,-0.00823873362373628,-0.0463191175313283,0.688146899174328,-0.238567043578239,-0.515497888499447
486,803,-1.67188044103468,-0.283495009933632,0.912704512894859,0.475307551970674,-0.0139152493102599,-0.0497733082616462,0.640671446962252,-0.0813915184123679,-0.554790012580578
487,804,-1.66704623793665,-0.28375459746477,0.912311146977565,0.483354443482139,-0.018898381163081,-0.0528856504786847,0.739860607345101,0.0585004492893118,-0.624476737229691
488,805,-1.66210619884623,-0.284088935281103,0.911836954570274,0.491121519877059,-0.0215258277827248,-0.0570660278363545,0.814211317805342,0.123705150315925,-0.61315841291626
489,806,-1.65707350494663,-0.284521372023796,0.911259596532976,0.498345770240299,-0.0239705000552016,-0.0640526149052098,0.879668076744812,0.152077221029232,-0.668213924237651
490,807,-1.65194795161971,-0.285036184918019,0.910587913163375,0.506029016969912,-0.0259828434286614,-0.0740722701696278,0.818588940395011,0.230311179956541,-0.650066683982253
491,808,-1.64670941691741,-0.285596445500531,0.909854991351872,0.51473730176783,-0.0265758589660104,-0.0826633714819996,0.90524922177889,0.32664421377859,-0.715208620707465
492,809,-1.64133786496426,-0.286165823934235,0.909093815626649,0.523620417817919,-0.0293049777524707,-0.0880253021909962,0.88861519856516,0.30005941293908,-0.863226398715368
493,810,-1.63581331342741,-0.286708685875179,0.908337075083022,0.531945827419147,-0.03503246838758,-0.0877691573937765,1.06956342755515,0.446818214235927,-0.777104703497644
494,811,-1.63006245430261,-0.28722113420072,0.907495111710359,0.543174798558418,-0.0448080215669638,-0.0798030402001754,0.975086764440287,0.411386002901452,-0.28658052755347
495,812,-1.624098861752,-0.287726624993031,0.906547164955583,0.557020746569243,-0.0586694811553925,-0.0649375123130527,0.843337046885319,0.244365406508014,0.123855688531035
496,813,-1.61803249771192,-0.288231997929994,0.905627998277842,0.56809449426612,-0.0736412563877734,-0.0495147771055964,0.524424751006687,0.193554579429172,1.07206869348845
497,814,-1.6119728323636,-0.288745072407552,0.904871043361385,0.574668563799188,-0.0856123053508259,-0.0350436833454419,-0.298818786280557,0.0128742261890875,2.76619844927342
498,815,-1.60602896040886,-0.289274002554312,0.904409077185259,0.582429341371935,-0.0895724017824304,-0.017851848426609,-0.69984131013524,-0.275815638649113,3.76901334649688
499,816,-1.60023186824256,-0.289864215193803,0.904304906945801,0.593604072034569,-0.0843794627297633,-0.00449123298498798,-0.498045700975729,-1.1814463910366,3.80873996956616
500,817,-1.59450813066312,-0.290509542378653,0.90447179077207,0.607825035815286,-0.0752929104962761,0.00750875083118289,-0.722828706250339,-1.11779572101154,2.8112753800731
501,818,-1.58881012860752,-0.29114091796965,0.904817837390059,0.618674760492404,-0.07076948948908,0.0221160226351131,-0.591739160197345,-0.622523574110249,0.987734569503963
502,819,-1.58308998756983,-0.29169060906468,0.905249033809596,0.620520014034957,-0.0718517355392163,0.0325484082289189,-0.329189934371093,-0.590991360358929,0.300359432991864
503,820,-1.57729950835285,-0.292092472675485,0.905669149690512,0.619388626908497,-0.0698076295044806,0.0370545117675967,-0.531245508888712,-0.109055722121323,-0.223110758114549
504,821,-1.57148015826182,-0.292322237792745,0.906066664135967,0.618172854356089,-0.0619991352187293,0.0325888896410387,-0.528185400154011,0.276089082702622,-0.270181179946178
505,822,-1.56566285304885,-0.292423148346519,0.906507964209308,0.623236482328379,-0.0484396346162093,0.0253197970770774,-0.47765633480578,0.259437869923061,-0.294398986494565
506,823,-1.55978361811211,-0.292431363291179,0.907013020124794,0.62943620519383,-0.0399190141009711,0.0174256799939713,-0.266080000089062,0.521092657060264,-0.213735064728463
507,824,-1.55377881495511,-0.292383630240711,0.907601634738013,0.631474313374174,-0.037099048757985,0.00865673593391875,0.00447559155129545,0.587242167084183,-0.0160241563098333
508,825,-1.54758528603974,-0.292317851283608,0.90829310074851,0.630376515811231,-0.0364543974382209,0.00148145941337126,-0.223462185354875,0.192886043948574,0.0701175053708899
509,826,-1.54103247383553,-0.292205514517145,0.909163819265715,0.629278975857677,-0.0358524367082191,-0.00387471700697021,-0.613914491307245,-0.0665989771632198,-0.174397773050245
510,827,-1.53416257142585,-0.29202330608049,0.91020845935746,0.630035179894563,-0.0314370652096863,-0.00910731634903466,-0.746305006261478,-0.298708177320611,-0.530559234364155
511,828,-1.52723187998801,-0.291815805899744,0.911319707592127,0.631706353840095,-0.0234337213408817,-0.0135874457955807,-0.908396478457792,-0.513465858552427,-0.681063210571616
512,829,-1.52049659950517,-0.291623601523871,0.912384701152587,0.632052152298765,-0.0188327093959736,-0.0162816711418218,-0.840124148247966,-0.51963534927418,-0.620965453178435
513,830,-1.51421309949311,-0.291483243595781,0.913285049175661,0.629641372491785,-0.0199071761844755,-0.0151405731878541,-0.798072662301231,-0.594170907415549,-0.375669034271338
514,831,-1.50847043787423,-0.2913706057116,0.913990867134089,0.622777683851815,-0.0221772196423636,-0.00869742199333596,-0.607995426904036,-0.648324525232807,-0.0712785791458465
515,832,-1.5030979848887,-0.291252608106448,0.914578706719691,0.612295766973689,-0.0239281359514541,0.000574273067002144,-0.648133675311303,-1.00591976407476,-0.0388614509371252
516,833,-1.49796382356082,-0.291154254171736,0.915084788337432,0.596917925029334,-0.0243334361018177,0.0110211808289541,-0.837600661697313,-1.09171402901726,0.208355259370359
517,834,-1.49293695756445,-0.29110564386635,0.915542905769404,0.580630376731804,-0.0266747963922928,0.0211281397210547,-0.784703965044048,-0.760353526349108,0.287743954351437
518,835,-1.48788656341385,-0.291141344178359,0.915984848320795,0.561695544390764,-0.0245958844225921,0.0278005823407949,-0.724813809821757,-0.910218173214352,0.180963687673889
519,836,-1.48280141117574,-0.291285183843429,0.916405623553738,0.547636817370019,-0.0213615037666801,0.0341211665872408,-0.677553241661599,-0.77842754991473,0.0707731685730648
520,837,-1.4777691964342,-0.291516417014676,0.916780046860651,0.535078932704642,-0.0220448660031331,0.0402462434897844,-0.349292953063229,-0.504934912361148,0.135478353293997
521,838,-1.47280628104347,-0.291806461522224,0.917109356663672,0.523643855353808,-0.024841873692872,0.0461653685159031,-0.501549021324246,-0.384058453324751,0.0860710197721507
522,839,-1.46792804222198,-0.292127960107996,0.917395349165878,0.511444769474399,-0.0275135223978848,0.0508639629533777,-0.521755452277812,-0.173483718717787,0.031996532979959
523,840,-1.46314911874844,-0.292454951978018,0.917640291083283,0.502503169865097,-0.0277860126836089,0.0537783162385116,-0.435810556639424,-0.163261956659481,-0.185295665576629
524,841,-1.45849128669388,-0.292764643097827,0.917850635513239,0.493260334061754,-0.0299561802473359,0.0537276269342188,-0.544969090268287,-0.228806911247445,-0.279259785476832
525,842,-1.45393980501222,-0.293076309296732,0.918028197394458,0.486846999050665,-0.0309066976669223,0.0518686589214829,-0.529440228309266,-0.121375388839869,-0.365417795066341
526,843,-1.44945520411973,-0.293427809344846,0.918168069987645,0.481731647242548,-0.0301068254413242,0.0487823642476156,-0.479406399378358,-0.332848851653732,-0.356445627694402
527,844,-1.44499943115928,-0.293856633553544,0.918264237188843,0.478668604827398,-0.0309492591278948,0.0451706324912399,-0.536363539548345,-0.573979782770668,-0.249332526153704
528,845,-1.44053589388735,-0.294400203263621,0.918309382574879,0.480769263789288,-0.0480051760923368,0.0427748650183202,-0.451031083889619,0.471652665411273,-0.319196418089058
529,846,-1.43608280300316,-0.295071578777,0.918297642116091,0.478359599130629,-0.0535443154812996,0.0381489502028933,0.0569035933206535,-0.685392398583051,-0.662816281592301
530,847,-1.4316638787777,-0.295845554225972,0.918241301330221,0.473499140945474,-0.0586823206057033,0.032582337448953,0.246151002314379,-0.91895069958363,-0.364236203446861
531,848,-1.42725296783987,-0.296700656002471,0.918156195463585,0.471039333966264,-0.0705876548664929,0.027402270444069,0.109684392893199,-0.486798924783382,-0.205098507815239
532,849,-1.42282503476994,-0.297613621673391,0.918053060175252,0.468791850566425,-0.0794313047130707,0.022492904037746,-0.181384300774706,-0.47433888060301,-0.236539288941101
533,850,-1.41835539232316,-0.298560094583498,0.917937037387551,0.465554787997552,-0.0854617088086266,0.018118711262831,-0.301372130162485,-0.365315035472949,-0.214111884065855
534,851,-1.41383874374973,-0.299525139124175,0.91780318062197,0.46059090544185,-0.0898990283814457,0.0145096793968774,-0.243107247778574,-0.369057957768211,-0.245671349131055
535,852,-1.40929422701663,-0.30051919943946,0.917646956049598,0.453761538990714,-0.0958523845415036,0.0111614501771416,-0.0178497336888284,-0.371329022190533,-0.239011293705026
536,853,-1.40473373043949,-0.301559101961967,0.917467771411844,0.448731452182914,-0.103383313589112,0.00789446913071095,0.203199806719355,-0.58829242817536,-0.165338960837292
537,854,-1.40016870284851,-0.302665899880726,0.917261711491553,0.447306252673569,-0.110891692102573,0.00527597052106631,0.162242691266698,-0.852847516553282,-0.245387747462381
538,855,-1.39560943330798,-0.303864189140389,0.917021788331672,0.447590145287626,-0.121225316697246,0.000937850163988763,0.57632085917514,-0.776317166191054,-0.218478636715424
539,856,-1.39107033312645,-0.30511643309476,0.916765330944251,0.450004752177621,-0.133639680868246,-0.0046142510920688,1.08761826997586,-0.778892909198139,-0.133774580670105
540,857,-1.3865450489199,-0.306410165119011,0.9164904503458,0.455057746783083,-0.148390820675884,-0.0108656725983967,1.10949170053216,-0.612995499032452,-0.416467327892392
541,858,-1.38201101076538,-0.307812350866117,0.916159262077465,0.458849398084268,-0.159229262354789,-0.0179018294340535,1.29428559379892,-0.905812640114216,-0.649475342439764
542,859,-1.37744477159324,-0.309392643390944,0.915733769127354,0.45999115034284,-0.167047035286685,-0.0254694652899506,1.00978279071718,-1.17410720811454,-0.93044345729061
543,860,-1.37282227089745,-0.311222008584931,0.915176214220679,0.459065005870982,-0.175357829356048,-0.0322767214649402,0.703551739822492,-1.27942489802722,-1.11795280628767
