,Frame,T8_Head Lateral Bending,T8_Head Axial Bending,T8_Head Flexion/Extension,T8_LeftUpperArm Lateral Bending,T8_LeftUpperArm Axial Bending,T8_LeftUpperArm Flexion/Extension,T8_RightUpperArm Lateral Bending,T8_RightUpperArm Axial Bending,T8_RightUpperArm Flexion/Extension,Pelvis_T8 Lateral Bending,Pelvis_T8 Axial Bending,Pelvis_T8 Flexion/Extension,Vertical_Pelvis Lateral Bending,Vertical_Pelvis Axial Bending,Vertical_Pelvis Flexion/Extension,Vertical_T8 Lateral Bending,Vertical_T8 Axial Bending,Vertical_T8 Flexion/Extension
0,710,0,0,0,89.9948980045957,-0.0135444738812733,-0.00928352413773477,90.0051019954043,-0.0135444738812744,0.0092835241377359,0,0,0,4.44269990297888,-1.33392089896627,17.4397188575642,4.44269990297888,-1.33392089896627,17.4397188575642
1,711,0,0,0,89.994733768264,-0.0137254376427845,-0.0115797977907452,90.005266231736,-0.0137254376427845,0.0115797977907475,0,0,0,4.48717966308904,-1.36789085725131,17.7147650010347,4.48717966308903,-1.36789085725131,17.7147650010347
2,712,0,0,0,89.9950154321586,-0.0135958311901189,-0.0129141137054646,90.0049845678414,-0.0135958311901178,0.0129141137054612,0,0,0,4.51636652665753,-1.39745025756932,17.9892931862359,4.51636652665753,-1.39745025756932,17.9892931862359
3,713,0,0,0,89.9956445266317,-0.0131030723138282,-0.0135359308538325,90.0043554733683,-0.013103072313826,0.013535930853828,0,0,0,4.52726110597667,-1.42085018252241,18.2554416811545,4.52726110597666,-1.42085018252241,18.2554416811545
4,714,0,0,0,89.9960744358633,-0.0126105148235096,-0.0136183415802566,90.0039255641367,-0.0126105148235107,0.0136183415802532,0,0,0,4.52775537160946,-1.44031875383054,18.5126011268446,4.52775537160948,-1.44031875383054,18.5126011268446
5,715,0,0,0,89.9968436267215,-0.0117545794024099,-0.012692249337408,90.0031563732785,-0.0117545794024121,0.0126922493374057,0,0,0,4.51701337162577,-1.45480371837331,18.7520655456068,4.51701337162577,-1.45480371837331,18.7520655456068
6,716,0,0,0,89.9979596179011,-0.0104026897105842,-0.0115840040273373,90.0020403820989,-0.0104026897105819,0.0115840040273328,0,0,0,4.48868880141332,-1.4614004895861,18.9642516688662,4.48868880141332,-1.4614004895861,18.9642516688662
7,717,0,0,0,89.9984076816342,-0.00892911360103019,-0.0126591056512012,90.0015923183658,-0.00892911360103132,0.0126591056511978,0,0,0,4.44142203029641,-1.45961690361923,19.1504453723181,4.44142203029641,-1.45961690361923,19.1504453723181
8,718,0,0,0,90.0011385763637,-0.00834019406040416,-0.00956542827291631,89.9988614236363,-0.00834019406040528,0.00956542827291519,0,0,0,4.35838011295551,-1.44459990986396,19.322437565479,4.35838011295551,-1.44459990986396,19.322437565479
9,719,0,0,0,90.0025876698845,-0.00866695631532809,-0.0083545723951412,89.9974123301155,-0.00866695631532921,0.00835457239514007,0,0,0,4.25489031006401,-1.42265240875812,19.5002364719611,4.25489031006401,-1.42265240875811,19.5002364719611
10,720,0,0,0,90.0032675791567,-0.00948431732497773,-0.00803530772315013,89.9967324208432,-0.00948431732497885,0.00803530772314901,0,0,0,4.14040657927685,-1.39743207945127,19.6935915509194,4.14040657927684,-1.39743207945127,19.6935915509194
11,721,0,0,0,90.0033328355075,-0.0101933629154278,-0.0082591246538297,89.9966671644925,-0.0101933629154278,0.00825912465382745,0,0,0,4.02315248602823,-1.37141399508492,19.9003339640339,4.02315248602823,-1.37141399508492,19.9003339640339
12,722,0,0,0,90.0031107344204,-0.0112587565621577,-0.00828792145513019,89.9968892655795,-0.01125875656216,0.00828792145512794,0,0,0,3.91052542074919,-1.34747820867216,20.1272023888568,3.91052542074919,-1.34747820867216,20.1272023888568
13,723,0,0,0,90.0027380013061,-0.0122016012770675,-0.00830383816241856,89.9972619986939,-0.0122016012770686,0.00830383816241744,0,0,0,3.80523041957246,-1.32632825398654,20.3713639335973,3.80523041957246,-1.32632825398653,20.3713639335973
14,724,0,0,0,90.0024550870688,-0.0124618246163981,-0.0084339717573528,89.9975449129312,-0.0124618246163981,0.00843397175735056,0,0,0,3.70357536146888,-1.30585019793913,20.6195815602653,3.70357536146887,-1.30585019793913,20.6195815602653
15,725,0,0,0,90.0025798457905,-0.0117341361456867,-0.0086123059820051,89.9974201542095,-0.0117341361456889,0.00861230598200511,0,0,0,3.59565995464594,-1.28142723760135,20.8530912296864,3.59565995464594,-1.28142723760134,20.8530912296864
16,726,0,0,0,90.0030653923336,-0.010882821391503,-0.00806615337563306,89.9969346076664,-0.010882821391503,0.00806615337563081,0,0,0,3.48006773043436,-1.25242930346423,21.0695577499821,3.48006773043435,-1.25242930346422,21.0695577499821
17,727,0,0,0,90.0035969617218,-0.0102294270299969,-0.0067609640197566,89.9964030382781,-0.0102294270299969,0.00676096401975435,0,0,0,3.36252249180587,-1.22113472609547,21.2721442770976,3.36252249180587,-1.22113472609547,21.2721442770976
18,728,0,0,0,90.0042707814207,-0.00990697342743964,-0.00520076681115444,89.9957292185794,-0.00990697342744077,0.00520076681115332,0,0,0,3.24239876392462,-1.18770985594694,21.467119556258,3.24239876392462,-1.18770985594695,21.467119556258
19,729,0,0,0,90.0049908370532,-0.00963218597757618,-0.003242326913125,89.9950091629468,-0.00963218597757955,0.00324232691312613,0,0,0,3.12242245332363,-1.15320093374891,21.6547633171281,3.12242245332364,-1.15320093374891,21.6547633171281
20,730,0,0,0,90.0059270378667,-0.00975798925061945,-0.00109994164452977,89.9940729621332,-0.00975798925061832,0.00109994164452865,0,0,0,3.00006061733998,-1.11709830883872,21.8430504277648,3.00006061733998,-1.11709830883872,21.8430504277648
21,731,0,0,0,90.0066123436383,-0.0104097361014787,0.00126670165277671,89.9933876563617,-0.0104097361014799,-0.00126670165277783,0,0,0,2.88356336740504,-1.0829417444216,22.0418870960956,2.88356336740504,-1.0829417444216,22.0418870960956
22,732,0,0,0,90.0067197180132,-0.0112123103076474,0.00333603949105587,89.9932802819868,-0.0112123103076496,-0.00333603949105587,0,0,0,2.78294267784949,-1.05464994897908,22.2540504017095,2.78294267784949,-1.05464994897908,22.2540504017095
23,733,0,0,0,90.0063230480844,-0.0116417878231671,0.00493916720762069,89.9936769519156,-0.0116417878231682,-0.00493916720762182,0,0,0,2.70460645486673,-1.03445899309862,22.4723673004634,2.70460645486673,-1.03445899309861,22.4723673004634
24,734,0,0,0,90.0057439290427,-0.0111325158357611,0.00599141946035228,89.9942560709573,-0.0111325158357611,-0.00599141946035228,0,0,0,2.64690058209543,-1.02117909501301,22.6790171221862,2.64690058209543,-1.02117909501301,22.6790171221862
25,735,0,0,0,90.0050775463321,-0.00957542044229434,0.00665573762653711,89.9949224536679,-0.00957542044229547,-0.00665573762653599,0,0,0,2.60772145773076,-1.01340743932509,22.8543641829349,2.60772145773076,-1.01340743932509,22.8543641829349
26,736,0,0,0,90.0035301626408,-0.00617551975661872,0.00588425623778127,89.9964698373591,-0.00617551975662096,-0.00588425623777902,0,0,0,2.59181871539875,-1.01177916746696,22.963736798455,2.59181871539875,-1.01177916746696,22.963736798455
27,737,0,0,0,90.0036623294847,-0.00347460125585577,0.00718230902973092,89.9963376705153,-0.00347460125585577,-0.00718230902973316,0,0,0,2.58191293773666,-1.0103002568374,23.0213900029893,2.58191293773666,-1.01030025683741,23.0213900029893
28,738,0,0,0,90.0039946914618,0.000279705093667182,0.00828384485019249,89.9960053085382,0.000279705093667182,-0.00828384485019249,0,0,0,2.5717656909514,-1.00568659416642,23.0059399922081,2.5717656909514,-1.00568659416642,23.0059399922081
29,739,0,0,0,90.0046666561165,0.00416319828987896,0.00964392484822258,89.9953333438834,0.0041631982898767,-0.00964392484822483,0,0,0,2.55638464130106,-0.995957494371108,22.9157253861209,2.55638464130106,-0.995957494371108,22.9157253861209
30,740,0,0,0,90.0058298567549,0.00691601893037276,0.011337436825225,89.9941701432451,0.00691601893037163,-0.0113374368252283,0,0,0,2.52898812685505,-0.979477711780795,22.773327483734,2.52898812685505,-0.979477711780788,22.773327483734
31,741,0,0,0,90.0072205346265,0.00773683953432074,0.0142323237305162,89.9927794653735,0.00773683953432074,-0.0142323237305184,0,0,0,2.49703984633308,-0.9607290304072,22.6151607573663,2.49703984633308,-0.960729030407197,22.6151607573663
32,742,0,0,0,90.0082562467272,0.00661880717867718,0.0174612764843768,89.9917437532728,0.00661880717867718,-0.0174612764843813,0,0,0,2.47193325517614,-0.945578373143704,22.4776611237637,2.47193325517613,-0.945578373143696,22.4776611237637
33,743,0,0,0,90.0086319410997,0.00437857226398701,0.0197595773029933,89.9913680589003,0.00437857226398588,-0.0197595773029967,0,0,0,2.45965192037903,-0.93707701332484,22.3819694325014,2.45965192037903,-0.937077013324842,22.3819694325014
34,744,0,0,0,90.008804101717,0.00297159977704249,0.021065930781617,89.991195898283,0.00297159977704024,-0.0210659307816147,0,0,0,2.4548774923204,-0.932447617167672,22.3111216662455,2.4548774923204,-0.932447617167672,22.3111216662455
35,745,0,0,0,90.0091098432617,0.00178295910870372,0.0218217272394466,89.9908901567383,0.00178295910870035,-0.0218217272394455,0,0,0,2.45005863926482,-0.928674409710669,22.2620847559659,2.45005863926483,-0.928674409710673,22.2620847559659
36,746,0,0,0,90.0098658807516,0.000643910420898921,0.0227140258167304,89.9901341192484,0.000643910420900042,-0.0227140258167292,0,0,0,2.43719226469498,-0.922690590044717,22.2341069641216,2.43719226469498,-0.922690590044721,22.2341069641216
37,747,0,0,0,90.0109165907884,-0.000160516360282912,0.0236792926849094,89.9890834092116,-0.000160516360281789,-0.0236792926849061,0,0,0,2.41089179851988,-0.912199621510516,22.2206636625984,2.41089179851987,-0.912199621510515,22.2206636625983
38,748,0,0,0,90.0119063563402,-0.000118988850029145,0.0246978938346147,89.9880936436598,-0.000118988850024651,-0.024697893834617,0,0,0,2.37269817777476,-0.897142403045406,22.2052331844858,2.37269817777475,-0.897142403045402,22.2052331844858
39,749,0,0,0,90.0130017685153,0.000715878205975538,0.0259945160039142,89.9869982314847,0.000715878205981159,-0.0259945160039175,0,0,0,2.322075703465,-0.876762774337639,22.1727180617468,2.322075703465,-0.876762774337639,22.1727180617468
40,750,0,0,0,90.0144424094895,0.00149542378336086,0.0271109053183651,89.9855575905105,0.00149542378336198,-0.0271109053183639,0,0,0,2.24988571222357,-0.847761271062426,22.1254464678835,2.24988571222357,-0.847761271062426,22.1254464678835
41,751,0,0,0,90.0160647396,0.0021304911745432,0.0275871877114511,89.9839352604,0.00213049117454657,-0.0275871877114545,0,0,0,2.14702817228507,-0.806944395171842,22.0670510985173,2.14702817228507,-0.806944395171842,22.0670510985173
42,752,0,0,0,90.0177908766,0.00274682687967685,0.0269469195741252,89.9822091234,0.00274682687967685,-0.0269469195741275,0,0,0,2.00196488150214,-0.750176290997849,21.9989068742907,2.00196488150213,-0.750176290997851,21.9989068742907
43,753,0,0,0,90.0192896618467,0.00436413538243112,0.0249520475115721,89.9807103381533,0.0043641353824283,-0.0249520475115738,0,0,0,1.80786536670462,-0.674564945474663,21.9020675205343,1.80786536670462,-0.674564945474663,21.9020675205343
44,754,0,0,0,90.0201259616597,0.00657011361853815,0.0218538095328778,89.9798740383403,0.0065701136185404,-0.0218538095328755,0,0,0,1.56974116620378,-0.58221743540206,21.7662123405194,1.56974116620378,-0.58221743540206,21.7662123405194
45,755,0,0,0,90.019382583883,0.00819497189138425,0.0165803587678027,89.980617416117,0.00819497189138819,-0.0165803587678044,0,0,0,1.30353271737107,-0.480018689991646,21.6040040522769,1.30353271737107,-0.480018689991646,21.6040040522769
46,756,0,0,0,90.0165543063421,0.00872879772957498,0.00905393076864442,89.9834456936579,0.00872879772957329,-0.00905393076864948,0,0,0,1.03546299618429,-0.378464812781467,21.4364181200506,1.03546299618429,-0.378464812781467,21.4364181200506
47,757,0,0,0,90.0111185659892,0.00948083037880468,-0.000972658567500321,89.9888814340108,0.00948083037881199,0.000972658567496382,0,0,0,0.800238158400973,-0.290148089840627,21.2572947744597,0.800238158400974,-0.29014808984063,21.2572947744597
48,758,0,0,0,90.0081968858605,0.00808005289830576,-0.00388376692850168,89.9918031141395,0.00808005289830801,0.00388376692850056,0,0,0,0.603025663451516,-0.217161986380808,21.1068942197918,0.603025663451517,-0.217161986380812,21.1068942197918
49,759,0,0,0,90.0058935030287,0.0065432707099076,-0.00633745237762961,89.9941064969713,0.00654327070990873,0.00633745237762736,0,0,0,0.434005141130272,-0.15543484322022,20.9856786976737,0.434005141130272,-0.155434843220217,20.9856786976737
50,760,0,0,0,90.0047681178703,0.00543410387672083,-0.00851585991692308,89.9952318821297,0.00543410387672252,0.00851585991692476,0,0,0,0.270569249301028,-0.0964560319885411,20.8848302353635,0.270569249301028,-0.0964560319885411,20.8848302353635
51,761,0,0,0,90.0044370945863,0.0052695768467462,-0.00956602216816343,89.9955629054137,0.00526957684674563,0.00956602216816287,0,0,0,0.106039174302807,-0.0376304120806616,20.7856232638696,0.106039174302807,-0.0376304120806583,20.7856232638696
52,762,0,0,0,90.0045509994582,0.00472939551663777,-0.0095498409088211,89.9954490005418,0.00472939551663889,0.00954984090882334,0,0,0,-0.0600323757102405,0.0212164149669133,20.6964020737986,-0.0600323757102398,0.0212164149669132,20.6964020737986
53,763,0,0,0,90.0048988964075,0.0043975667046045,-0.00893096882873318,89.9951011035924,0.004397566704609,0.00893096882872869,0,0,0,-0.227824096827593,0.0802054584566198,20.612650154127,-0.227824096827592,0.0802054584566164,20.612650154127
54,764,0,0,0,90.0056729647609,0.0041661462136669,-0.00775887910174152,89.9943270352391,0.00416614621366803,0.0077588791017404,0,0,0,-0.402076922360171,0.141027019308749,20.5326640400534,-0.402076922360178,0.14102701930875,20.5326640400534
55,765,0,0,0,90.0060715764805,0.00270421521496474,-0.00691999705167824,89.9939284235195,0.00270421521497036,0.00691999705167711,0,0,0,-0.57751185303161,0.202077568767429,20.4812163498747,-0.57751185303161,0.202077568767426,20.4812163498747
56,766,0,0,0,90.0059480223815,0.00101493420065809,-0.00667821472943356,89.9940519776184,0.0010149342006609,0.00667821472943299,0,0,0,-0.748317935171938,0.261609819405192,20.4616100770665,-0.748317935171939,0.261609819405192,20.4616100770665
57,767,0,0,0,90.0048850241124,-0.00106990811081344,-0.00619964078756253,89.9951149758876,-0.00106990811081119,0.00619964078756366,0,0,0,-0.893236965795659,0.312574188591863,20.4817706251039,-0.893236965795659,0.312574188591863,20.4817706251039
58,768,0,0,0,90.003176861893,-0.00227872646742721,-0.00588998554602206,89.996823138107,-0.00227872646742552,0.00588998554601925,0,0,0,-1.00095143351392,0.350963906501993,20.5239581551076,-1.00095143351392,0.350963906501993,20.5239581551076
59,769,0,0,0,90.0012971139417,-0.00213928455365996,-0.00571543865630526,89.9987028860583,-0.00213928455365828,0.00571543865630357,0,0,0,-1.06918828206636,0.375563147284945,20.5622184809545,-1.06918828206636,0.375563147284948,20.5622184809544
60,770,0,0,0,89.9994367954282,-0.00121666157439298,-0.0055205279010528,90.0005632045718,-0.00121666157439241,0.00552052790105111,0,0,0,-1.09804486551204,0.386063128966129,20.5823741791984,-1.09804486551204,0.386063128966136,20.5823741791984
61,771,0,0,0,89.9975414074534,-0.00031362684018301,-0.00583472762804017,90.0024585925465,-0.000313626840181321,0.00583472762803848,0,0,0,-1.09077917642882,0.38356349601911,20.5854859819225,-1.09077917642882,0.383563496019113,20.5854859819225
62,772,0,0,0,89.9954254163022,-7.21122171602154e-05,-0.00641733653570158,90.0045745836978,-7.21122171590902e-05,0.00641733653570383,0,0,0,-1.04482740852875,0.367389265780801,20.5847560697811,-1.04482740852875,0.367389265780801,20.5847560697811
63,773,0,0,0,89.9933230659694,0.000438376774379731,-0.00762278747569924,90.0066769340305,0.00043837677438142,0.0076227874756998,0,0,0,-0.965511031970653,0.339324536719015,20.5739712377528,-0.965511031970653,0.339324536719015,20.5739712377528
64,774,0,0,0,89.9916861031779,0.000624296619886556,-0.00825777849658282,90.0083138968221,0.000624296619891055,0.00825777849657832,0,0,0,-0.858021201182528,0.301348408731443,20.5601319839536,-0.858021201182527,0.30134840873144,20.5601319839536
65,775,0,0,0,89.9901493718566,0.000441050321152794,-0.00861728428934239,90.0098506281434,0.000441050321158416,0.00861728428933902,0,0,0,-0.722112165973936,0.25349591522079,20.5504218137166,-0.722112165973935,0.253495915220787,20.5504218137166
66,776,0,0,0,89.9890984154235,0.000408542310713762,-0.00861573855095563,90.0109015845765,0.000408542310717137,0.00861573855095226,0,0,0,-0.565239233908768,0.198340357390042,20.5415360332716,-0.565239233908768,0.198340357390042,20.5415360332716
67,777,0,0,0,89.9865309024746,0.000890316495771575,-0.0123379543512692,90.0134690975254,0.00089031649577495,0.012337954351268,0,0,0,-0.384349197413992,0.134746648137538,20.5227522212133,-0.384349197413993,0.134746648137542,20.5227522212133
68,778,0,0,0,89.9881616537061,-7.0092648630978e-05,-0.00683905574464982,90.0118383462939,-7.00926486276033e-05,0.00683905574464645,0,0,0,-0.19567123636563,0.0686049571430885,20.5247647406847,-0.19567123636563,0.0686049571430885,20.5247647406847
69,779,0,0,0,89.9882459098226,-0.000525742536503975,-0.00527003891364312,90.0117540901774,-0.000525742536501725,0.00527003891364312,0,0,0,0.0032846353681355,-0.00115219118184369,20.5351572239651,0.00328463536814279,-0.00115219118184825,20.535157223965
70,780,0,0,0,89.988607620766,-0.000367892593025754,-0.00471489510292303,90.0113923792339,-0.000367892593026878,0.00471489510292416,0,0,0,0.198436389859389,-0.0696304127915749,20.5420151692499,0.198436389859396,-0.0696304127915761,20.5420151692499
71,781,0,0,0,89.9891260402586,-0.00030178727899176,-0.00426030334770423,90.0108739597414,-0.000301787278990635,0.00426030334770536,0,0,0,0.386327535745678,-0.135598053689397,20.5477452841804,0.386327535745678,-0.135598053689397,20.5477452841804
72,782,0,0,0,89.9895418572236,-0.000294841464701511,-0.00412115565538174,90.0104581427764,-0.000294841464697013,0.0041211556553795,0,0,0,0.566834003950435,-0.199010340488586,20.5534480690615,0.566834003950436,-0.199010340488586,20.5534480690615
73,783,0,0,0,89.9896418817577,-6.04281962366909e-05,-0.00451601842773843,90.0103581182423,-6.04281962333162e-05,0.0045160184277373,0,0,0,0.742403113552426,-0.260670583279859,20.5546157397093,0.742403113552428,-0.260670583279862,20.5546157397093
74,784,0,0,0,89.9896872201196,0.000480412786009008,-0.0049407813044594,90.0103127798803,0.000480412786013507,0.00494078130445941,0,0,0,0.913761054623322,-0.320707820075909,20.5454013387733,0.91376105462331,-0.320707820075914,20.5454013387732
75,785,0,0,0,89.9895624307242,0.00116326514895377,-0.00573429363017511,90.0104375692758,0.00116326514895827,0.00573429363017511,0,0,0,1.08148084953944,-0.379196473146295,20.5234405227842,1.08148084953945,-0.379196473146297,20.5234405227842
76,786,0,0,0,89.989662905898,0.00162117187320322,-0.00617551043007899,90.010337094102,0.00162117187320547,0.00617551043007449,0,0,0,1.24357408528988,-0.435433371044511,20.4933376527132,1.24357408528987,-0.435433371044509,20.4933376527132
77,787,0,0,0,89.9898427516634,0.00198108522020705,-0.00640560676968932,90.0101572483366,0.00198108522020705,0.00640560676968932,0,0,0,1.40014945344907,-0.489439066567093,20.456792904911,1.40014945344907,-0.489439066567093,20.456792904911
78,788,0,0,0,89.9899984062928,0.00215720006970649,-0.00693270796422843,90.0100015937072,0.00215720006970986,0.0069327079642273,0,0,0,1.54942456159235,-0.540647178071342,20.4175707323453,1.54942456159235,-0.540647178071339,20.4175707323453
79,789,0,0,0,89.9904822268024,0.00229138659329045,-0.00738328115335874,90.0095177731976,0.0022913865932927,0.00738328115335874,0,0,0,1.68513037368782,-0.586887040655087,20.3763856487067,1.68513037368782,-0.586887040655087,20.3763856487067
80,790,0,0,0,89.9912370734367,0.0021152314263297,-0.00761097687986712,90.0087629265633,0.00211523142633082,0.00761097687986375,0,0,0,1.8037262119784,-0.627120598448982,20.3393444490748,1.80372621197841,-0.627120598448988,20.3393444490748
81,791,0,0,0,89.9920844254627,0.00204833228832299,-0.00821685534253556,90.0079155745373,0.00204833228832186,0.00821685534253443,0,0,0,1.90042620012759,-0.65967039114641,20.3042431294212,1.90042620012759,-0.65967039114641,20.3042431294212
82,792,0,0,0,89.9934047132094,0.0022087034640742,-0.00890027915334278,90.0065952867906,0.00220870346407082,0.0089002791533439,0,0,0,1.96471948007775,-0.680798430957088,20.2668069558829,1.96471948007775,-0.680798430957095,20.2668069558829
83,793,0,0,0,89.9948387068603,0.00183184269437975,-0.0093693852186406,90.0051612931397,0.00183184269437862,0.00936938521863948,0,0,0,1.9967132548593,-0.690944768558161,20.2378275196927,1.9967132548593,-0.690944768558166,20.2378275196927
84,794,0,0,0,89.9962422654122,0.000913723409771205,-0.00983071804753306,90.0037577345878,0.000913723409771206,0.00983071804753306,0,0,0,1.99740751192881,-0.690847421099725,20.2275043779861,1.99740751192882,-0.69084742109973,20.2275043779861
85,795,0,0,0,89.9973431366454,-0.000406642659349588,-0.0103503210737374,90.0026568633545,-0.000406642659349586,0.0103503210737374,0,0,0,1.97287446452547,-0.682863955323671,20.2432170948674,1.97287446452547,-0.68286395532367,20.2432170948673
86,796,0,0,0,89.9983336736204,-0.0011585518976806,-0.011321614412387,90.0016663263795,-0.0011585518976806,0.011321614412387,0,0,0,1.92120600501763,-0.665918173509029,20.2734096671951,1.92120600501763,-0.665918173509026,20.2734096671951
87,797,0,0,0,89.997329938086,0.00133082854375236,-0.0163974276726759,90.002670061914,0.00133082854374898,0.0163974276726747,0,0,0,1.85118917158912,-0.641111639045928,20.2561738454918,1.85118917158911,-0.641111639045931,20.2561738454918
88,798,0,0,0,89.9994937139041,0.00203416675637434,-0.0145124795369578,90.0005062860959,0.00203416675637659,0.0145124795369533,0,0,0,1.75069713580921,-0.605422390630082,20.2259444672097,1.75069713580921,-0.605422390630079,20.2259444672097
89,799,0,0,0,90.0000627090573,0.00446068884241563,-0.0150850395551435,89.9999372909427,0.00446068884241563,0.0150850395551412,0,0,0,1.63453175460201,-0.563140309504259,20.1478966996866,1.63453175460201,-0.563140309504259,20.1478966996866
90,800,0,0,0,89.9996352994617,0.0070304036803275,-0.0156559766975037,90.0003647005383,0.0070304036803275,0.0156559766975014,0,0,0,1.52369690636706,-0.521756647117765,20.0205308960995,1.52369690636706,-0.521756647117761,20.0205308960995
91,801,0,0,0,89.9991340644391,0.0102601206241263,-0.0162493903454548,90.0008659355609,0.0102601206241263,0.0162493903454525,0,0,0,1.41887517074781,-0.481431313493494,19.8307926370948,1.41887517074781,-0.481431313493491,19.8307926370948
92,802,0,0,0,89.9987484957696,0.0139548714152356,-0.0159647060055273,90.0012515042304,0.0139548714152334,0.0159647060055273,0,0,0,1.32478933802895,-0.443811162992558,19.569623981446,1.32478933802895,-0.443811162992558,19.569623981446
93,803,0,0,0,89.9982735301486,0.0160736686722345,-0.0149052622762869,90.0017264698514,0.0160736686722345,0.0149052622762869,0,0,0,1.2498388039547,-0.41250429983573,19.2687361418275,1.2498388039547,-0.41250429983573,19.2687361418275
94,804,0,0,0,89.9979574109922,0.0165677070322143,-0.0139956444424188,90.0020425890078,0.0165677070322143,0.0139956444424188,0,0,0,1.18948151061513,-0.386507906168319,18.9592974459077,1.18948151061513,-0.386507906168319,18.9592974459077
95,805,0,0,0,89.9976326771347,0.0157431758121538,-0.0144076543414974,90.0023673228653,0.0157431758121527,0.0144076543414963,0,0,0,1.13462171317299,-0.363192406793254,18.6667010188715,1.13462171317299,-0.363192406793255,18.6667010188715
96,806,0,0,0,89.9976732661699,0.015329192700415,-0.015877003406956,90.0023267338301,0.0153291927004139,0.0158770034069549,0,0,0,1.07040647641983,-0.337586305880204,18.3818457648532,1.07040647641983,-0.337586305880204,18.3818457648532
97,807,0,0,0,89.9965952053768,0.0122453260703559,-0.0172425565009609,90.0034047946231,0.0122453260703559,0.0172425565009586,0,0,0,1.02258341947402,-0.318711804262601,18.1582900884116,1.02258341947402,-0.318711804262603,18.1582900884116
98,808,0,0,0,89.9936252563675,0.00842422521987456,-0.019444725298379,90.0063747436324,0.00842422521987681,0.0194447252983745,0,0,0,1.02368458859089,-0.31650880751465,18.0083812661134,1.02368458859089,-0.316508807514654,18.0083812661134
99,809,0,0,0,89.9913489729949,0.00891522258710013,-0.0201963041965724,90.0086510270051,0.00891522258709901,0.0201963041965712,0,0,0,1.06617284139443,-0.3267548499408,17.8449695339077,1.06617284139444,-0.326754849940794,17.8449695339076
100,810,0,0,0,89.991102753429,0.0127234353646493,-0.0158399113505557,90.0088972465711,0.0127234353646493,0.0158399113505557,0,0,0,1.14145198246502,-0.345267646858607,17.6044991321225,1.14145198246502,-0.345267646858601,17.6044991321225
101,811,0,0,0,89.9917481169248,0.0147538885302012,-0.0088595027112594,90.0082518830751,0.0147538885302012,0.0088595027112594,0,0,0,1.24828649155341,-0.371778876218426,17.3248191290377,1.24828649155341,-0.37177887621843,17.3248191290378
102,812,0,0,0,89.9921922179384,0.0133092851079973,-0.00271927093978619,90.0078077820616,0.0133092851079962,0.00271927093978507,0,0,0,1.38481476167526,-0.406654300545032,17.0736203132906,1.38481476167526,-0.406654300545035,17.0736203132906
103,813,0,0,0,89.9925109861505,0.0101091467839005,0.00179743027593652,90.0074890138495,0.0101091467839028,-0.00179743027594102,0,0,0,1.54265226609029,-0.448108219043889,16.8827918194728,1.54265226609029,-0.448108219043889,16.8827918194728
104,814,0,0,0,89.9923427360241,0.00646739734522015,0.00452692273162205,90.0076572639759,0.00646739734522015,-0.0045269227316243,0,0,0,1.72077062176169,-0.496339005123586,16.7598235368557,1.72077062176169,-0.496339005123589,16.7598235368557
105,815,0,0,0,89.9919303133303,0.00333367894481713,0.00547622665370654,90.0080696866697,0.00333367894481826,-0.00547622665370767,0,0,0,1.91306581344014,-0.549761068871144,16.6948105379489,1.91306581344014,-0.549761068871144,16.6948105379489
106,816,0,0,0,89.9907951461337,0.000132622962602441,0.00443041269635112,90.0092048538663,0.00013262296260244,-0.00443041269635337,0,0,0,2.12284015337586,-0.609945052682119,16.69065927126,2.12284015337586,-0.609945052682112,16.69065927126
107,817,0,0,0,89.9871397603076,-0.0023075348430958,-0.00169807479123223,90.0128602396924,-0.00230753484309355,0.00169807479122773,0,0,0,2.37083040811526,-0.683052391335549,16.7356243856818,2.37083040811526,-0.683052391335553,16.7356243856818
108,818,0,0,0,89.9863053124247,-0.00661062477636652,-0.0008424607427141,90.0136946875752,-0.00661062477636652,0.000842460742711852,0,0,0,2.64212894665274,-0.766922951086112,16.8626609350608,2.64212894665273,-0.766922951086111,16.8626609350608
109,819,0,0,0,89.9843405142424,-0.00845516756449798,-0.0033599436244442,90.0156594857576,-0.00845516756449798,0.00335994362444195,0,0,0,2.93890532212407,-0.861113521322592,17.0238578809337,2.93890532212407,-0.861113521322592,17.0238578809337
110,820,0,0,0,89.9828803200797,-0.00934633392172573,-0.00630884385388624,90.0171196799203,-0.00934633392172348,0.00630884385388399,0,0,0,3.24718577108659,-0.961347448426705,17.2034931547322,3.24718577108659,-0.961347448426709,17.2034931547322
111,821,0,0,0,89.9825487424246,-0.00941121760367066,-0.00939172963597056,90.0174512575754,-0.00941121760366953,0.00939172963596943,0,0,0,3.54232134034692,-1.05976563436883,17.3870701298979,3.54232134034692,-1.05976563436883,17.3870701298979
112,822,0,0,0,89.9835354015547,-0.0081469181306112,-0.0121787403597879,90.0164645984453,-0.00814691813061007,0.0121787403597868,0,0,0,3.79837537032494,-1.14685565623513,17.5495832449207,3.79837537032494,-1.14685565623513,17.5495832449207
113,823,0,0,0,89.9854704757701,-0.00710757082706334,-0.0140241732040073,90.0145295242299,-0.00710757082706334,0.0140241732040051,0,0,0,4.00265991680138,-1.21849770976501,17.6963535163122,4.00265991680138,-1.21849770976501,17.6963535163122
114,824,0,0,0,89.9877855387938,-0.0066087500730915,-0.0141940116004542,90.0122144612062,-0.00660875007309037,0.0141940116004554,0,0,0,4.15917291409843,-1.27594848870302,17.8358485231947,4.15917291409843,-1.27594848870302,17.8358485231947
115,825,0,0,0,89.990408026667,-0.0064508037923308,-0.0134899159448459,90.009591973333,-0.00645080379233192,0.0134899159448447,0,0,0,4.2673227290424,-1.31898129325857,17.9731634021349,4.26732272904241,-1.31898129325857,17.9731634021349
116,826,0,0,0,89.9932535196895,-0.00585943259635669,-0.0124655446395078,90.0067464803105,-0.00585943259635894,0.0124655446395056,0,0,0,4.32414233728087,-1.34563562102807,18.0988529918849,4.32414233728088,-1.34563562102807,18.0988529918849
117,827,0,0,0,89.9961037182669,-0.0043958069947983,-0.0114057658383801,90.0038962817331,-0.0043958069947938,0.0114057658383778,0,0,0,4.32907638641272,-1.3541473064237,18.1958129039972,4.32907638641272,-1.3541473064237,18.1958129039972
118,828,0,0,0,89.9985963571337,-0.00297591596862035,-0.0103046847244377,90.0014036428662,-0.00297591596861922,0.0103046847244366,0,0,0,4.29007793649867,-1.34686253018956,18.2654009418383,4.29007793649869,-1.34686253018955,18.2654009418383
119,829,0,0,0,90.0001253205512,-0.00295467286542378,-0.00923820481469355,89.9998746794488,-0.00295467286542491,0.00923820481469243,0,0,0,4.2282429510693,-1.33226101311842,18.3348997217157,4.22824295106932,-1.33226101311842,18.3348997217157
120,830,0,0,0,90.001221092877,-0.00381125225023068,-0.00775041353750521,89.998778907123,-0.0038112522502318,0.00775041353750184,0,0,0,4.15541494353995,-1.31507223195402,18.4195240056337,4.15541494353995,-1.31507223195401,18.4195240056337
121,831,0,0,0,90.0017779147118,-0.00493971431838099,-0.00576800014662109,89.9982220852882,-0.00493971431837873,0.00576800014662334,0,0,0,4.086052531609,-1.30005483273975,18.5229117278635,4.086052531609,-1.30005483273975,18.5229117278635
122,832,0,0,0,90.0022472684364,-0.00618671965015017,-0.00410974846792079,89.9977527315636,-0.00618671965014905,0.00410974846791966,0,0,0,4.01917021288093,-1.28702112175249,18.6477447877322,4.01917021288093,-1.28702112175249,18.6477447877322
123,833,0,0,0,90.0023841538871,-0.0073976109940928,-0.00262886115554401,89.9976158461129,-0.00739761099409392,0.00262886115554064,0,0,0,3.96062218945819,-1.27776243081183,18.7933592769137,3.96062218945819,-1.27776243081183,18.7933592769137
124,834,0,0,0,90.0024599492363,-0.00837381348715207,-0.00158185493173583,89.9975400507637,-0.0083738134871487,0.00158185493173471,0,0,0,3.90822991756141,-1.27130716575133,18.9557853613896,3.90822991756141,-1.27130716575133,18.9557853613896
125,835,0,0,0,90.0028803233944,-0.00902439474329106,-0.000668936904372996,89.9971196766056,-0.00902439474328993,0.00066893690437412,0,0,0,3.85365577123207,-1.26453883415647,19.1291316331267,3.85365577123208,-1.26453883415648,19.1291316331267
126,836,0,0,0,90.0036013724593,-0.00933621275886374,0.000534890356355109,89.9963986275407,-0.00933621275886598,-0.000534890356357356,0,0,0,3.79288637167731,-1.25565710556724,19.3067162940651,3.79288637167731,-1.25565710556724,19.3067162940651
127,837,0,0,0,90.0046669215466,-0.00913651652805804,0.00237673516037812,89.9953330784534,-0.00913651652806029,-0.00237673516038036,0,0,0,3.72325038771079,-1.24305526560367,19.4780170553152,3.72325038771079,-1.24305526560367,19.4780170553152
128,838,0,0,0,90.0057815404559,-0.00971368386675787,0.00379693334131544,89.9942184595441,-0.00971368386675674,-0.00379693334131657,0,0,0,3.64162296298345,-1.2266286731552,19.6597274544835,3.64162296298345,-1.2266286731552,19.6597274544835
129,839,0,0,0,90.0071807832122,-0.0104417649212417,0.00608742000553781,89.9928192167878,-0.010441764921244,-0.00608742000554006,0,0,0,3.54903878380499,-1.20665310006207,19.8530907058152,3.54903878380499,-1.20665310006207,19.8530907058152
130,840,0,0,0,90.0079750511494,-0.0113114098600985,0.00847938662444023,89.9920249488506,-0.0113114098601008,-0.00847938662444248,0,0,0,3.45957406702427,-1.18795435739406,20.0605749685851,3.45957406702426,-1.18795435739407,20.0605749685851
131,841,0,0,0,90.0084350567319,-0.0126394584646869,0.010565553500515,89.9915649432681,-0.0126394584646892,-0.0105655535005172,0,0,0,3.37814287349416,-1.17272740587924,20.2915658547784,3.37814287349414,-1.17272740587923,20.2915658547784
132,842,0,0,0,90.0081560297291,-0.0136520426094236,0.0119005145461012,89.9918439702709,-0.0136520426094247,-0.0119005145461023,0,0,0,3.3145351022442,-1.16408130428999,20.5400120938937,3.3145351022442,-1.16408130428999,20.5400120938937
133,843,0,0,0,90.0074460016944,-0.0140277971177145,0.0123415541578696,89.9925539983056,-0.0140277971177145,-0.0123415541578719,0,0,0,3.27016293210028,-1.1620626434436,20.7944168374503,3.27016293210028,-1.1620626434436,20.7944168374503
134,844,0,0,0,90.006411641821,-0.0130605417555588,0.0124677925721777,89.993588358179,-0.0130605417555577,-0.0124677925721788,0,0,0,3.24833102117804,-1.16671002525723,21.0287797632998,3.24833102117804,-1.16671002525723,21.0287797632998
135,845,0,0,0,90.0052126680986,-0.0107767790514911,0.0117052432155008,89.9947873319014,-0.0107767790514911,-0.0117052432155008,0,0,0,3.24388536169722,-1.17516867468021,21.2191120290492,3.24388536169721,-1.17516867468021,21.2191120290492
136,846,0,0,0,90.0038000542599,-0.00727637970149272,0.0100800655234103,89.9961999457402,-0.00727637970149272,-0.0100800655234126,0,0,0,3.25304773935156,-1.18506946612558,21.3433171696934,3.25304773935156,-1.18506946612558,21.3433171696934
137,847,0,0,0,90.002941083271,-0.00254637841755739,0.00843486389882189,89.997058916729,-0.00254637841755739,-0.00843486389882414,0,0,0,3.26234229883567,-1.19031734171355,21.3782871113663,3.26234229883567,-1.19031734171355,21.3782871113663
138,848,0,0,0,90.0028274869752,0.00249076865202884,0.00767494950116208,89.9971725130248,0.00249076865202997,-0.00767494950116545,0,0,0,3.26315901659075,-1.1874350752679,21.3183616516717,3.26315901659075,-1.18743507526791,21.3183616516717
139,849,0,0,0,90.0035078823596,0.00583264261830406,0.00914121482909557,89.9964921176404,0.00583264261830406,-0.00914121482909782,0,0,0,3.258764807481,-1.17930580158177,21.1953014492788,3.258764807481,-1.17930580158177,21.1953014492788
140,850,0,0,0,90.0046760067907,0.00669001978725157,0.0123310735699114,89.9953239932093,0.00669001978725269,-0.0123310735699147,0,0,0,3.25474535177603,-1.17041793929668,21.0551636654539,3.25474535177603,-1.17041793929668,21.0551636654539
141,851,0,0,0,90.0057612772879,0.0051760718871878,0.0153897273592933,89.9942387227121,0.00517607188718779,-0.0153897273592933,0,0,0,3.25326712817883,-1.16393351962001,20.9429583373122,3.25326712817883,-1.16393351962,20.9429583373122
142,852,0,0,0,90.0060490688571,0.00276056771692756,0.0169017122539854,89.9939509311428,0.0027605677169253,-0.0169017122539854,0,0,0,3.25936271128199,-1.16254835015422,20.875820432471,3.25936271128199,-1.16254835015422,20.875820432471
143,853,0,0,0,90.0058139578603,0.000300311274375472,0.0173952626921563,89.9941860421397,0.000300311274373221,-0.0173952626921563,0,0,0,3.27592702846129,-1.16733547558803,20.8546418407016,3.27592702846128,-1.16733547558803,20.8546418407016
144,854,0,0,0,90.0052753081216,-0.00140320491446116,0.0177115281662411,89.9947246918784,-0.00140320491446229,-0.0177115281662423,0,0,0,3.30747579567046,-1.17911831104115,20.8642583250011,3.30747579567046,-1.17911831104115,20.8642583250011
145,855,0,0,0,90.0048847474069,-0.00261191873249285,0.0175700072345166,89.9951152525931,-0.00261191873249285,-0.0175700072345189,0,0,0,3.34668298728208,-1.19486282159302,20.8961092607803,3.34668298728208,-1.19486282159302,20.8961092607803
146,856,0,0,0,90.0046703695103,-0.00314324555930268,0.0178263199109106,89.9953296304897,-0.00314324555930268,-0.0178263199109129,0,0,0,3.39292284675275,-1.21365133080927,20.9366842583697,3.39292284675275,-1.21365133080927,20.9366842583697
147,857,0,0,0,90.0044555152021,-0.00198908852421046,0.0170846798522739,89.9955444847979,-0.00198908852421158,-0.0170846798522751,0,0,0,3.43653015331291,-1.23027214461321,20.9543444843613,3.43653015331291,-1.23027214461322,20.9543444843613
148,858,0,0,0,90.0056672657143,-0.00217772513570617,0.0171289288462192,89.9943327342857,-0.00217772513570505,-0.0171289288462226,0,0,0,3.45501341971568,-1.23818879534732,20.97716038854,3.45501341971568,-1.23818879534732,20.97716038854
149,859,0,0,0,90.0081496959758,0.000513504888518619,0.0161412239973768,89.9918503040242,0.000513504888518618,-0.016141223997379,0,0,0,3.41101783981626,-1.22079723514945,20.9485457642329,3.41101783981626,-1.22079723514946,20.9485457642329
150,860,0,0,0,90.0113307318537,0.00552945426988088,0.0144789359900478,89.9886692681463,0.00552945426987751,-0.0144789359900489,0,0,0,3.28364751673318,-1.16857508265007,20.8263427831169,3.28364751673319,-1.16857508265008,20.8263427831169
151,861,0,0,0,90.0138318633771,0.0101422008807949,0.0103783452346486,89.9861681366229,0.0101422008807937,-0.0103783452346497,0,0,0,3.0696195454126,-1.08210280885217,20.6234488051836,3.0696195454126,-1.08210280885217,20.6234488051836
152,862,0,0,0,90.0147328410161,0.0133656961196304,0.00590291591296364,89.9852671589839,0.0133656961196316,-0.00590291591296477,0,0,0,2.80284321068206,-0.976125202500088,20.3661551193234,2.80284321068205,-0.976125202500093,20.3661551193234
153,863,0,0,0,90.0146036055291,0.0130974439504612,0.00369295571739717,89.9853963944709,0.01309744395046,-0.0036929557173983,0,0,0,2.52539567254813,-0.869169391133034,20.1192414614164,2.52539567254814,-0.869169391133034,20.1192414614164
154,864,0,0,0,90.0144563463264,0.0108358570231278,0.00258604308170986,89.9855436536736,0.0108358570231266,-0.00258604308171324,0,0,0,2.24565423108737,-0.765376524228426,19.9177819930394,2.24565423108737,-0.765376524228426,19.9177819930394
155,865,0,0,0,90.0147129935552,0.00781342463401057,0.00264482286963706,89.9852870064448,0.00781342463400944,-0.00264482286964044,0,0,0,1.96362673596339,-0.664549330889521,19.7740786269977,1.96362673596339,-0.664549330889521,19.7740786269977
156,866,0,0,0,90.0148279183031,0.00395413738767583,0.00406922599302376,89.9851720816969,0.00395413738767583,-0.00406922599302601,0,0,0,1.69256353735741,-0.570792495570751,19.7032427299539,1.69256353735741,-0.570792495570751,19.7032427299539
157,867,0,0,0,90.0145207607449,0.000704029452363884,0.00583617262012628,89.9854792392551,0.000704029452362759,-0.00583617262012516,0,0,0,1.44247646579535,-0.486162286656931,19.6923746362557,1.44247646579535,-0.486162286656931,19.6923746362557
158,868,0,0,0,90.0138763248678,-0.00111567824840762,0.00767294362305394,89.9861236751322,-0.00111567824840762,-0.00767294362305619,0,0,0,1.21963874216413,-0.411465550872948,19.7137743000021,1.21963874216413,-0.411465550872948,19.7137743000021
159,869,0,0,0,90.0121089589946,-0.00289357300142234,0.00903977499619027,89.9878910410054,-0.00289357300142122,-0.00903977499618915,0,0,0,1.04388433968977,-0.353095610534802,19.7683734469368,1.04388433968977,-0.353095610534802,19.7683734469368
160,870,0,0,0,90.0093978601582,-0.00398976277872041,0.0086100088961446,89.9906021398418,-0.00398976277872153,-0.00861000889614572,0,0,0,0.920382551882551,-0.312446351985458,19.8432836962176,0.920382551882551,-0.312446351985458,19.8432836962176
161,871,0,0,0,90.0065548183358,-0.0037838001482091,0.00665334747580589,89.9934451816642,-0.00378380014821023,-0.00665334747580702,0,0,0,0.839619706397142,-0.285994135042201,19.9135471819136,0.839619706397142,-0.285994135042201,19.9135471819136
162,872,0,0,0,90.0037803233001,-0.00204587643652638,0.00373931593629615,89.9962196766999,-0.00204587643652638,-0.00373931593629615,0,0,0,0.792830247950211,-0.270528580042873,19.9499739635094,0.792830247950224,-0.270528580042875,19.9499739635094
163,873,0,0,0,90.0014224631208,-0.000482929220316645,0.00113215805787673,89.9985775368792,-0.000482929220316645,-0.00113215805787673,0,0,0,0.773961819420148,-0.264184233190787,19.9574253544296,0.773961819420155,-0.264184233190785,19.9574253544296
164,874,0,0,0,89.9989248856029,-0.000131405567568161,-0.00133262936426684,90.0010751143971,-0.000131405567569285,0.00133262936426572,0,0,0,0.78763944330499,-0.26888500972448,19.959866143281,0.787639443304991,-0.268885009724483,19.959866143281
165,875,0,0,0,89.99643969793,0.000278265820883756,-0.00436194893968103,90.00356030207,0.000278265820884882,0.00436194893967765,0,0,0,0.829009912025733,-0.282945234870052,19.9551194552187,0.829009912025741,-0.282945234870057,19.9551194552187
166,876,0,0,0,89.9931991459898,0.00138715077222134,-0.00900922759762465,90.0068008540101,0.00138715077222134,0.00900922759762465,0,0,0,0.901766882102664,-0.307406297864553,19.9297925483914,0.901766882102664,-0.307406297864553,19.9297925483914
167,877,0,0,0,89.9914948965304,0.00179594200926147,-0.0101392445286898,90.0085051034696,0.00179594200925922,0.0101392445286875,0,0,0,1.00039532476853,-0.340507846535996,19.8977549506338,1.00039532476853,-0.340507846535996,19.8977549506338
168,878,0,0,0,89.9896935505216,0.00223873956151281,-0.0112905094118083,90.0103064494784,0.00223873956151394,0.0112905094118027,0,0,0,1.12707274934162,-0.382895231057962,19.8577829032149,1.12707274934162,-0.382895231057962,19.8577829032149
169,879,0,0,0,89.9883389766709,0.00199064092142248,-0.0116967409590528,90.011661023329,0.00199064092142136,0.0116967409590494,0,0,0,1.27811135450885,-0.433503375386413,19.8235840387443,1.27811135450886,-0.433503375386415,19.8235840387443
170,880,0,0,0,89.9878296628552,0.00150474680897756,-0.0117961186304255,90.0121703371448,0.00150474680897644,0.0117961186304244,0,0,0,1.4381351647201,-0.487223995002097,19.7992588903558,1.4381351647201,-0.487223995002097,19.7992588903558
171,881,0,0,0,89.9878598061413,0.00127985754964607,-0.0115862245204058,90.0121401938587,0.00127985754964607,0.0115862245204035,0,0,0,1.59873036787182,-0.54113104489615,19.7792835387986,1.59873036787182,-0.54113104489615,19.7792835387986
172,882,0,0,0,89.9883366403666,0.00152666771741186,-0.0109612827861547,90.0116633596333,0.00152666771741074,0.0109612827861514,0,0,0,1.75384997760863,-0.592943137304397,19.7542994052787,1.75384997760863,-0.5929431373044,19.7542994052787
173,883,0,0,0,89.9885989583981,0.00204456273400334,-0.0100915246804855,90.0114010416019,0.0020445627340011,0.0100915246804833,0,0,0,1.91011389345611,-0.644701530511054,19.7191027837162,1.91011389345611,-0.644701530511054,19.7191027837162
174,884,0,0,0,89.9889968560866,0.00276260493982669,-0.00950502432480473,90.0110031439135,0.00276260493982782,0.00950502432480136,0,0,0,2.06204963998657,-0.694360824008117,19.6701304452822,2.06204963998657,-0.694360824008117,19.6701304452822
175,885,0,0,0,89.9894974577983,0.00385432585467535,-0.0090992652814344,90.0105025422017,0.00385432585467423,0.00909926528143102,0,0,0,2.20615073077814,-0.740389549897032,19.6002227528973,2.20615073077814,-0.740389549897032,19.6002227528973
176,886,0,0,0,89.9900214445362,0.00463892501947631,-0.00863921820894799,90.0099785554638,0.00463892501947631,0.00863921820894799,0,0,0,2.34265808012571,-0.782992220271568,19.5158077559735,2.34265808012571,-0.782992220271568,19.5158077559735
177,887,0,0,0,89.9907796176566,0.00531149471057089,-0.00808699723385063,90.0092203823434,0.00531149471057089,0.00808699723384838,0,0,0,2.46733532129179,-0.820766181743215,19.4187608511483,2.46733532129179,-0.820766181743215,19.4187608511483
178,888,0,0,0,89.9916129842148,0.00583144826060578,-0.00746215619071598,90.0083870157852,0.00583144826060691,0.00746215619071261,0,0,0,2.57941348399729,-0.853553614694366,19.311926275525,2.57941348399729,-0.853553614694366,19.311926275525
179,889,0,0,0,89.9926951693446,0.00586188923141148,-0.00638330006451476,90.0073048306554,0.00586188923141036,0.00638330006451364,0,0,0,2.67730755992685,-0.881248156342568,19.2045085019885,2.67730755992685,-0.881248156342568,19.2045085019885
180,890,0,0,0,89.9936894390405,0.00570309027494212,-0.0051337257646165,90.0063105609595,0.00570309027494324,0.00513372576461313,0,0,0,2.76427664059623,-0.905127014599708,19.0995411556349,2.76427664059623,-0.905127014599708,19.0995411556349
181,891,0,0,0,89.9948261356991,0.00538451087660182,-0.00371714019121034,90.0051738643009,0.00538451087660182,0.00371714019120809,0,0,0,2.83839574581605,-0.924759740240409,18.9998312675051,2.83839574581605,-0.924759740240409,18.9998312675051
182,892,0,0,0,89.9960207491941,0.00475890411173784,-0.00223854294525994,90.0039792508059,0.00475890411173784,0.00223854294525769,0,0,0,2.89910482150069,-0.940326517980433,18.9112327360176,2.89910482150069,-0.940326517980438,18.9112327360176
183,893,0,0,0,89.99687062518,0.00316786342119675,-0.00113551293924588,90.00312937482,0.00316786342119675,0.00113551293924363,0,0,0,2.95161062348858,-0.954539920937473,18.8529288019459,2.95161062348858,-0.954539920937463,18.8529288019459
184,894,0,0,0,89.9976176765349,0.0018535749097257,-0.000752257131529608,90.0023823234651,0.0018535749097257,0.000752257131527359,0,0,0,2.99243965062806,-0.966093798388906,18.819135924504,2.99243965062806,-0.96609379838891,18.819135924504
185,895,0,0,0,89.9984832048006,0.000999102270454366,-0.000708511206623739,90.0015167951994,0.000999102270452117,0.00070851120662149,0,0,0,3.0165024201126,-0.972987159422499,18.8013287447578,3.0165024201126,-0.972987159422496,18.8013287447578
186,896,0,0,0,89.9990001491874,0.000644126337265494,-0.000520940182712302,90.0009998508126,0.000644126337267743,0.000520940182707804,0,0,0,3.03211184860133,-0.977447814319961,18.7897060632912,3.03211184860133,-0.977447814319961,18.7897060632912
187,897,0,0,0,89.9990638111733,0.00170981632692037,-0.00214815871198149,90.0009361888267,0.00170981632691924,0.00214815871198037,0,0,0,3.03442323497882,-0.976619333341012,18.7583192450488,3.03442323497882,-0.976619333341013,18.7583192450488
188,898,0,0,0,90.000087019519,0.000632122539985097,-0.000647810768678583,89.999912980481,0.000632122539985097,0.000647810768676334,0,0,0,3.02733908221436,-0.973822240160942,18.7480670364233,3.02733908221436,-0.973822240160935,18.7480670364233
189,899,0,0,0,90.0004421324768,0.000557175739822379,-0.00121581244201131,89.9995578675232,0.000557175739822379,0.00121581244200906,0,0,0,3.00925876951501,-0.967547816629702,18.7390492944404,3.00925876951501,-0.967547816629702,18.7390492944404
190,900,0,0,0,90.0005451725855,0.00147288251027661,-0.00334126965634929,89.9994548274144,0.00147288251027549,0.00334126965634591,0,0,0,2.9737651165366,-0.954886151446285,18.7140190702239,2.97376511653661,-0.95488615144628,18.7140190702239
191,901,0,0,0,90.0002943328392,0.00322799512051465,-0.00656133840275312,89.9997056671608,0.00322799512051465,0.00656133840275087,0,0,0,2.92038641665624,-0.93501901460644,18.6581298133064,2.92038641665623,-0.935019014606433,18.6581298133064
192,902,0,0,0,90.0001221842439,0.00573882283844838,-0.0094513106793159,89.9998778157561,0.00573882283844726,0.00945131067931252,0,0,0,2.84967596559934,-0.907556931629383,18.556593789618,2.84967596559935,-0.907556931629384,18.556593789618
193,903,0,0,0,90.000084245166,0.00794890218978495,-0.0115034600939324,89.9999157548339,0.00794890218978382,0.0115034600939313,0,0,0,2.76542519762824,-0.874208681768535,18.4151479887183,2.76542519762823,-0.874208681768541,18.4151479887183
194,904,0,0,0,89.9999910132874,0.00953138014025382,-0.0125439392099491,90.0000089867127,0.00953138014025382,0.0125439392099491,0,0,0,2.67660543551733,-0.838538038470698,18.2448573796156,2.67660543551733,-0.838538038470694,18.2448573796156
195,905,0,0,0,90.0004743277555,0.0106196850606064,-0.0125791489347713,89.9995256722445,0.0106196850606064,0.0125791489347691,0,0,0,2.57823761592637,-0.799521971212282,18.0540988287903,2.57823761592637,-0.799521971212286,18.0540988287903
196,906,0,0,0,90.0008024361677,0.011368099902609,-0.0124701670690853,89.9991975638323,0.0113680999026079,0.0124701670690819,0,0,0,2.47519024567086,-0.759096140707976,17.8489759424049,2.47519024567085,-0.759096140707968,17.8489759424049
197,907,0,0,0,90.001203892636,0.0125070878093392,-0.0122345595847387,89.998796107364,0.0125070878093414,0.0122345595847387,0,0,0,2.36648565902642,-0.716760405190356,17.621239398742,2.36648565902642,-0.716760405190353,17.621239398742
198,908,0,0,0,90.0016763145622,0.0134441189214266,-0.011796401110615,89.9983236854378,0.0134441189214266,0.0117964011106128,0,0,0,2.25227793451066,-0.672906017209049,17.3751375634517,2.25227793451067,-0.672906017209051,17.3751375634517
199,909,0,0,0,90.0019044945496,0.0132746486721621,-0.0113607006803329,89.9980955054504,0.0132746486721632,0.0113607006803295,0,0,0,2.1382154241426,-0.630148813058229,17.1325264158555,2.1382154241426,-0.630148813058226,17.1325264158555
200,910,0,0,0,90.0016498648975,0.0131314807859712,-0.012294218933963,89.9983501351025,0.0131314807859723,0.0122942189339619,0,0,0,2.02523151887245,-0.588718631677633,16.8927528582734,2.02523151887244,-0.588718631677629,16.8927528582733
201,911,0,0,0,90.000912506941,0.0112669120527833,-0.0137018997948514,89.999087493059,0.0112669120527833,0.0137018997948514,0,0,0,1.92108990613276,-0.551926400348826,16.6903857282464,1.92108990613276,-0.551926400348826,16.6903857282464
202,912,0,0,0,89.9980804170546,0.00865987379515644,-0.0163375827691966,90.0019195829453,0.00865987379515756,0.0163375827691955,0,0,0,1.86154267590268,-0.530094336263227,16.5390457858437,1.86154267590268,-0.530094336263221,16.5390457858437
203,913,0,0,0,89.9958071780093,0.00983145167888144,-0.0184102817586205,90.0041928219907,0.00983145167888369,0.0184102817586138,0,0,0,1.83519576054738,-0.517157730775509,16.3623513605293,1.83519576054738,-0.517157730775499,16.3623513605293
204,914,0,0,0,89.9937905758629,0.011652301314999,-0.0175513677900961,90.006209424137,0.011652301314999,0.0175513677900894,0,0,0,1.85510972928305,-0.516153110660796,16.1494335051581,1.85510972928305,-0.516153110660793,16.1494335051581
205,915,0,0,0,89.9915154641321,0.0120370821918626,-0.0142902644491441,90.0084845358679,0.0120370821918603,0.0142902644491396,0,0,0,1.94072474991054,-0.532790919435435,15.9283374499815,1.94072474991054,-0.532790919435431,15.9283374499815
206,916,0,0,0,89.9903025467914,0.0130152170309671,-0.00979665236205263,90.0096974532086,0.013015217030966,0.0097966523620515,0,0,0,2.07520114447132,-0.561262477023738,15.6852195827307,2.07520114447132,-0.561262477023738,15.6852195827307
207,917,0,0,0,89.9902365388132,0.0140829816960959,-0.00522776182967842,90.0097634611868,0.0140829816960948,0.00522776182967505,0,0,0,2.23488753231965,-0.594474909086249,15.4187919328639,2.23488753231965,-0.594474909086249,15.4187919328639
208,918,0,0,0,89.9914344561714,0.0100168062520699,0.00141375335422276,90.0085655438286,0.0100168062520699,-0.00141375335422501,0,0,0,2.40776413423961,-0.632842151468597,15.2297309233202,2.40776413423961,-0.632842151468597,15.2297309233202
209,919,0,0,0,89.9916229593865,0.0039456286058459,0.00498929890105348,90.0083770406135,0.0039456286058459,-0.00498929890105348,0,0,0,2.59848647615681,-0.679747107920611,15.154714507287,2.59848647615681,-0.679747107920607,15.154714507287
210,920,0,0,0,89.9911197827082,-0.000854593320872559,0.00583284588159724,90.0088802172917,-0.000854593320872559,-0.00583284588160398,0,0,0,2.80562957216911,-0.7346488166799,15.1681758837897,2.80562957216911,-0.734648816679904,15.1681758837897
211,921,0,0,0,89.9896961851334,-0.00462514711965671,0.00502412807702015,90.0103038148666,-0.00462514711965221,-0.00502412807702239,0,0,0,3.0391144862225,-0.800180273162859,15.2519481862639,3.0391144862225,-0.800180273162859,15.2519481862639
212,922,0,0,0,89.9882911875687,-0.00691405522706961,0.00299655366717013,90.0117088124313,-0.00691405522706849,-0.00299655366717126,0,0,0,3.29079615780822,-0.873608926298562,15.3787754661455,3.29079615780822,-0.873608926298556,15.3787754661455
213,923,0,0,0,89.9872193986825,-0.0079316774134201,0.000497408317130585,90.0127806013175,-0.00793167741341897,-0.000497408317131708,0,0,0,3.55080561097017,-0.951572448485559,15.5256175812004,3.55080561097017,-0.951572448485552,15.5256175812004
214,924,0,0,0,89.987308827504,-0.00763050041786677,-0.00169601632802885,90.012691172496,-0.00763050041786789,0.00169601632802773,0,0,0,3.79626083209605,-1.0266086691431,15.6677975068913,3.79626083209604,-1.0266086691431,15.6677975068913
215,925,0,0,0,89.9887178862263,-0.00681732669239715,-0.00338730180009563,90.0112821137737,-0.0068173266923994,0.00338730180009339,0,0,0,4.00314123658221,-1.0913929417604,15.796608482274,4.00314123658221,-1.09139294176039,15.796608482274
216,926,0,0,0,89.9909013488782,-0.00608965950094495,-0.00407464511323298,90.0090986511217,-0.00608965950094382,0.00407464511323186,0,0,0,4.16224068130471,-1.14308127234513,15.9134118237361,4.16224068130471,-1.14308127234513,15.9134118237361
217,927,0,0,0,89.9932983250658,-0.00562104638455297,-0.00343573694405674,90.0067016749342,-0.00562104638455297,0.00343573694405674,0,0,0,4.27749241844436,-1.18261285982345,16.0215422222785,4.27749241844436,-1.18261285982345,16.0215422222785
218,928,0,0,0,89.9959904302954,-0.00593323824073585,-0.00189207171063292,90.0040095697046,-0.00593323824073585,0.00189207171063292,0,0,0,4.34858578212081,-1.21062948336979,16.1350731425041,4.34858578212081,-1.21062948336978,16.1350731425041
219,929,0,0,0,89.9990374522333,-0.00625991594779917,0.000665094685704896,90.0009625477667,-0.00625991594780029,-0.000665094685708269,0,0,0,4.3742881394041,-1.22640325818433,16.2520983074628,4.37428813940409,-1.22640325818434,16.2520983074628
220,930,0,0,0,90.0019775233467,-0.00624027475845081,0.00334372660988235,89.9980224766533,-0.00624027475844856,-0.00334372660988235,0,0,0,4.35744399077888,-1.22995774534831,16.3655589290945,4.35744399077888,-1.22995774534831,16.3655589290945
221,931,0,0,0,90.0044681358882,-0.0063771366261861,0.00581709526874297,89.9955318641118,-0.00637713662618497,-0.00581709526874409,0,0,0,4.30630771921434,-1.2236727897916,16.4791314396445,4.30630771921434,-1.2236727897916,16.4791314396445
222,932,0,0,0,90.0059873601377,-0.0070823676492233,0.00813480805933993,89.9940126398623,-0.00708236764922105,-0.00813480805933993,0,0,0,4.24043280527271,-1.21375430194853,16.6038964721582,4.24043280527271,-1.21375430194853,16.6038964721582
223,933,0,0,0,90.0066165121653,-0.00843429535782477,0.0104280452015688,89.9933834878346,-0.00843429535782702,-0.0104280452015711,0,0,0,4.17806884143429,-1.20619906712598,16.751924608139,4.17806884143429,-1.20619906712598,16.751924608139
224,934,0,0,0,90.0064701771123,-0.00968279577102368,0.012031744528037,89.9935298228876,-0.00968279577101919,-0.0120317445280393,0,0,0,4.13038944156453,-1.2040928978396,16.9213141724713,4.13038944156453,-1.2040928978396,16.9213141724713
225,935,0,0,0,90.005903509023,-0.010169045714023,0.0125755599464132,89.994096490977,-0.0101690457140207,-0.0125755599464132,0,0,0,4.09849033655081,-1.20689129279841,17.0983749119743,4.09849033655081,-1.20689129279841,17.0983749119743
226,936,0,0,0,90.0057678697845,-0.010155788707616,0.0124269738508425,89.9942321302155,-0.0101557887076149,-0.0124269738508437,0,0,0,4.06851083674974,-1.2100356895042,17.2750441053836,4.06851083674974,-1.2100356895042,17.2750441053836
227,937,0,0,0,90.0052889096443,-0.0093458594798869,0.00966537600318505,89.9947110903556,-0.00934585947988802,-0.00966537600318617,0,0,0,4.0305414791839,-1.20977319934037,17.4396332888025,4.0305414791839,-1.20977319934037,17.4396332888025
228,938,0,0,0,90.005375596603,-0.00991332413157161,0.0102912224794948,89.994624403397,-0.00991332413157048,-0.0102912224794982,0,0,0,3.99641703377466,-1.21120247683676,17.6153662086868,3.99641703377466,-1.21120247683676,17.6153662086868
229,939,0,0,0,90.0052450414555,-0.00993217033841804,0.00921880589406758,89.9947549585445,-0.00993217033841804,-0.00921880589406983,0,0,0,3.95842426870994,-1.21133200945221,17.7925912419054,3.95842426870991,-1.2113320094522,17.7925912419054
230,940,0,0,0,90.0052729063459,-0.00988862762518509,0.00839413291954456,89.9947270936541,-0.00988862762518284,-0.00839413291954906,0,0,0,3.91504663697742,-1.20958220315804,17.970189806479,3.91504663697742,-1.20958220315804,17.970189806479
231,941,0,0,0,90.0051864381705,-0.0107698783669407,0.00784467409694153,89.9948135618295,-0.0107698783669407,-0.00784467409694378,0,0,0,3.87137778607538,-1.20865692829622,18.166189823649,3.87137778607538,-1.20865692829622,18.166189823649
232,942,0,0,0,90.0050997286041,-0.0119530469384695,0.00741420725840866,89.9949002713959,-0.0119530469384673,-0.00741420725841315,0,0,0,3.82824087509986,-1.20908326530217,18.3855239548847,3.82824087509986,-1.20908326530217,18.3855239548847
233,943,0,0,0,90.0051461264875,-0.0131251369691133,0.00744484151995817,89.9948538735125,-0.0131251369691144,-0.0074448415199593,0,0,0,3.78600710242548,-1.21086097581496,18.6270822891655,3.78600710242548,-1.21086097581495,18.6270822891655
234,944,0,0,0,90.004930299176,-0.0143568582814124,0.00758128062639826,89.9950697008239,-0.0143568582814124,-0.00758128062640051,0,0,0,3.75110077460198,-1.21609637606351,18.8918294909429,3.75110077460198,-1.21609637606352,18.8918294909429
235,945,0,0,0,90.0045132943302,-0.0155043840521337,0.00771232325286501,89.9954867056698,-0.0155043840521337,-0.00771232325286726,0,0,0,3.72750883506356,-1.2260414995078,19.1779446800117,3.72750883506356,-1.2260414995078,19.1779446800117
236,946,0,0,0,90.0038476201495,-0.01593732913056,0.00783384341426486,89.9961523798505,-0.01593732913056,-0.00783384341426486,0,0,0,3.71975051270905,-1.24146346041251,19.4711550254311,3.71975051270905,-1.24146346041251,19.4711550254311
237,947,0,0,0,90.0030051211823,-0.0151911049105629,0.00775298067468453,89.9969948788177,-0.015191104910564,-0.00775298067468566,0,0,0,3.72886896251816,-1.26155434566678,19.7488438011471,3.72886896251816,-1.26155434566678,19.7488438011471
238,948,0,0,0,90.0025404291656,-0.0129395292684873,0.00750840354462787,89.9974595708344,-0.0129395292684884,-0.007508403544629,0,0,0,3.74404877376498,-1.28107945634269,19.9825531623029,3.74404877376498,-1.28107945634269,19.9825531623029
239,949,0,0,0,90.002256741822,-0.0101295369494209,0.00723706949490429,89.997743258178,-0.0101295369494209,-0.00723706949490429,0,0,0,3.76097982614312,-1.29800772967464,20.1627525386244,3.76097982614312,-1.29800772967464,20.1627525386244
240,950,0,0,0,90.0022524731568,-0.00636743111858037,0.0069693751720538,89.9977475268432,-0.00636743111858149,-0.00696937517205492,0,0,0,3.77272891277747,-1.30877823402273,20.2711694551482,3.77272891277747,-1.30877823402273,20.2711694551482
241,951,0,0,0,90.0027320557629,-0.00269109071087071,0.00754879121840821,89.9972679442371,-0.00269109071086959,-0.00754879121841158,0,0,0,3.77574419025579,-1.31219901191813,20.3095111950879,3.77574419025579,-1.31219901191813,20.3095111950879
242,952,0,0,0,90.0036076575064,-0.000368624045861307,0.00933181751834731,89.9963923424935,-0.000368624045861309,-0.00933181751834956,0,0,0,3.77235697986495,-1.31062916878141,20.303206304623,3.77235697986495,-1.31062916878142,20.303206304623
243,953,0,0,0,90.0047903370921,0.000296322196132835,0.0121224253180991,89.9952096629079,0.000296322196135081,-0.0121224253181036,0,0,0,3.76532833764158,-1.30691748219193,20.2827261330578,3.76532833764158,-1.30691748219193,20.2827261330578
244,954,0,0,0,90.005871858656,0.000492336417895368,0.0142291822250876,89.994128141344,0.00049233641789424,-0.014229182225091,0,0,0,3.75167122526924,-1.30056887733384,20.2567606967153,3.75167122526924,-1.30056887733384,20.2567606967153
245,955,0,0,0,90.007174674694,0.00059765068519981,0.0161960908295619,89.992825325306,0.000597650685198683,-0.0161960908295653,0,0,0,3.72573729729155,-1.28973604608076,20.2269556994031,3.72573729729155,-1.28973604608076,20.2269556994031
246,956,0,0,0,90.0081985900831,0.000355801743581532,0.0180568022680738,89.9918014099169,0.00035580174358153,-0.018056802268076,0,0,0,3.69322201850494,-1.27683338815702,20.2002101070436,3.69322201850494,-1.27683338815702,20.2002101070436
247,957,0,0,0,90.0086397965822,0.00102693780163922,0.0170026991493881,89.9913602034178,0.00102693780163922,-0.0170026991493903,0,0,0,3.64258203240934,-1.25699128519041,20.1618204522338,3.64258203240934,-1.25699128519041,20.1618204522338
248,958,0,0,0,90.0094252988369,-0.000449100654442582,0.0195326300616251,89.9905747011631,-0.000449100654440333,-0.0195326300616296,0,0,0,3.59708413657557,-1.24059126459157,20.1505829127664,3.59708413657557,-1.24059126459157,20.1505829127664
249,959,0,0,0,90.0093445240033,-0.00118111318808159,0.019379163382463,89.9906554759967,-0.00118111318808272,-0.0193791633824641,0,0,0,3.55253681043392,-1.22533560606236,20.1530402023051,3.55253681043392,-1.22533560606236,20.1530402023051
250,960,0,0,0,90.0085965543793,-0.00153121596484141,0.0184341380470923,89.9914034456207,-0.00153121596484254,-0.0184341380470934,0,0,0,3.51685685748866,-1.21356953472025,20.1628901408068,3.51685685748866,-1.21356953472025,20.1628901408068
251,961,0,0,0,90.007640957284,-0.00109017487063815,0.0170042716850246,89.992359042716,-0.0010901748706404,-0.0170042716850246,0,0,0,3.48957651789173,-1.20426710187479,20.165194960042,3.48957651789175,-1.2042671018748,20.165194960042
252,962,0,0,0,90.0064445975777,-0.000471471996551112,0.0153465900669738,89.9935554024223,-0.000471471996553364,-0.0153465900669761,0,0,0,3.47383979822416,-1.19837461137602,20.1572961561934,3.47383979822416,-1.19837461137602,20.1572961561934
253,963,0,0,0,90.0066626163583,0.00133634944109838,0.0132383139322718,89.9933373836417,0.0013363494410995,-0.0132383139322752,0,0,0,3.43469346421529,-1.18256290171395,20.1168414435488,3.43469346421529,-1.18256290171395,20.1168414435488
254,964,0,0,0,90.0082913544221,0.00562508653401877,0.0109585723782276,89.9917086455779,0.00562508653401764,-0.0109585723782265,0,0,0,3.34025541477918,-1.14337997141748,19.9963735655718,3.34025541477918,-1.14337997141749,19.9963735655718
255,965,0,0,0,90.0114336417708,0.0101293300929183,0.00927137842592701,89.9885663582292,0.0101293300929194,-0.00927137842592588,0,0,0,3.16476051327069,-1.07266927071831,19.7938230462408,3.16476051327069,-1.0726692707183,19.7938230462408
256,966,0,0,0,90.0148222214441,0.0126889807029742,0.00665589363100124,89.9851777785559,0.012688980702972,-0.00665589363100124,0,0,0,2.89978240109786,-0.971041987799333,19.5490225163781,2.89978240109785,-0.971041987799332,19.5490225163781
257,967,0,0,0,90.0153204752903,0.0118828061241104,0.00167538131720165,89.9846795247097,0.0118828061241093,-0.00167538131720053,0,0,0,2.59300530888476,-0.858739437012634,19.3279041052083,2.59300530888476,-0.858739437012637,19.3279041052083
258,968,0,0,0,90.0136046780776,0.00882839996618919,-0.00162140776023292,89.9863953219224,0.00882839996618807,0.00162140776023404,0,0,0,2.30354045609144,-0.756733291101995,19.1687102551774,2.30354045609145,-0.756733291101987,19.1687102551774
259,969,0,0,0,90.0116583063376,0.00525808076956874,-0.00220411853053344,89.9883416936624,0.00525808076956762,0.00220411853053456,0,0,0,2.05307083727141,-0.671278405669531,19.0769731728089,2.0530708372714,-0.671278405669533,19.0769731728089
260,970,0,0,0,90.0110307870304,0.00263031579601272,-0.00177375606801903,89.9889692129696,0.0026303157960116,0.00177375606802016,0,0,0,1.81876283567155,-0.59330508189707,19.0331788208939,1.81876283567154,-0.593305081897069,19.0331788208939
261,971,0,0,0,90.0113281671343,0.000365257213631597,-4.8521047926046e-05,89.9886718328657,0.000365257213630473,4.85210479271706e-05,0,0,0,1.5909765625509,-0.518893066214642,19.0305713322437,1.5909765625509,-0.518893066214641,19.0305713322437
262,972,0,0,0,90.0114685573352,-0.00193035785393726,0.00202549334253334,89.9885314426648,-0.00193035785393614,-0.00202549334253446,0,0,0,1.37581650185672,-0.449593645581644,19.070240198117,1.37581650185672,-0.449593645581643,19.070240198117
263,973,0,0,0,90.0115070426891,-0.00319084298808784,0.00373197609547714,89.9884929573109,-0.00319084298808672,-0.00373197609547376,0,0,0,1.17196708611237,-0.384154239754708,19.1319665732592,1.17196708611239,-0.384154239754711,19.1319665732592
264,974,0,0,0,90.0106528042475,-0.00468693067854177,0.00566584860579756,89.9893471957525,-0.00468693067854064,-0.00566584860579419,0,0,0,1.00012142383198,-0.32929114325499,19.2215213340935,1.00012142383198,-0.329291143254995,19.2215213340935
265,975,0,0,0,90.0093580628658,-0.00617774150881678,0.00698748590176217,89.9906419371342,-0.0061777415088179,-0.00698748590175879,0,0,0,0.864172491650766,-0.28619556389759,19.3389786226638,0.864172491650767,-0.28619556389759,19.3389786226638
266,976,0,0,0,90.0071154237118,-0.00596555687749499,0.00523745539903261,89.9928845762882,-0.0059655568774905,-0.00523745539903036,0,0,0,0.760846924254337,-0.253378695298624,19.451238511673,0.760846924254338,-0.253378695298624,19.451238511673
267,977,0,0,0,90.0052393817893,-0.00521936687156485,0.00599690557686736,89.9947606182107,-0.0052193668715626,-0.00599690557686736,0,0,0,0.701210288605483,-0.234638630995662,19.5484991193545,0.701210288605484,-0.234638630995665,19.5484991193545
268,978,0,0,0,90.0028845049664,-0.00355013099959349,0.00486732271406525,89.9971154950336,-0.00355013099958899,-0.00486732271406525,0,0,0,0.680591663048637,-0.228464030509194,19.613311555915,0.680591663048637,-0.228464030509194,19.613311555915
269,979,0,0,0,90.0005336144821,-0.00201926600007494,0.00390691106519054,89.9994663855179,-0.00201926600007269,-0.00390691106519054,0,0,0,0.700385854267078,-0.235522812037065,19.6492334388936,0.700385854267078,-0.235522812037066,19.6492334388936
270,980,0,0,0,89.998125118402,-0.000992174923443236,0.00268300944180299,90.001874881598,-0.000992174923442111,-0.00268300944180412,0,0,0,0.759803015606649,-0.255717473926528,19.666217784629,0.759803015606649,-0.255717473926528,19.6662177846289
271,981,0,0,0,89.9959976355663,0.000112133214894967,0.000676319301143587,90.0040023644336,0.000112133214897216,-0.000676319301145836,0,0,0,0.846897651266038,-0.284981008763254,19.6624520929529,0.846897651266039,-0.284981008763254,19.6624520929529
272,982,0,0,0,89.9941675336974,0.0011431172921577,-0.00159275101572848,90.0058324663026,0.00114311729215658,0.00159275101573185,0,0,0,0.953922680691988,-0.320642978225068,19.6396517652133,0.953922680691988,-0.320642978225068,19.6396517652133
273,983,0,0,0,89.9925080015447,0.00153143321126845,-0.00342586736853393,90.0074919984553,0.0015314332112707,0.00342586736853393,0,0,0,1.08110821033199,-0.362885593528553,19.6105727884163,1.08110821033199,-0.362885593528553,19.6105727884163
274,984,0,0,0,89.9913785765466,0.00112204651164127,-0.00433483819233983,90.0086214234534,0.00112204651164464,0.00433483819233871,0,0,0,1.22442202859519,-0.41059509049456,19.5903301200163,1.22442202859519,-0.41059509049456,19.5903301200163
275,985,0,0,0,89.9908924721084,0.00042752183113868,-0.00447894145139875,90.0091075278917,0.000427521831142053,0.00447894145139763,0,0,0,1.37630304037331,-0.461391366832972,19.5836315873457,1.37630304037331,-0.461391366832972,19.5836315873457
276,986,0,0,0,89.9910172966397,0.000260777368213853,-0.00420181386470627,90.0089827033603,0.000260777368218352,0.00420181386470178,0,0,0,1.5272053845636,-0.511897051087676,19.5795311841524,1.5272053845636,-0.511897051087676,19.5795311841524
277,987,0,0,0,89.9915092792001,9.08977412201861e-05,-0.00380779034370875,90.0084907207998,9.08977412213108e-05,0.00380779034371213,0,0,0,1.67072469055924,-0.560000117916954,19.5785961746329,1.67072469055924,-0.560000117916951,19.5785961746329
278,988,0,0,0,89.9920320120925,0.000293879512249264,-0.00324833210536021,90.0079679879075,0.000293879512252638,0.00324833210536134,0,0,0,1.80765242558872,-0.605763042155243,19.5732458718275,1.80765242558872,-0.605763042155243,19.5732458718275
279,989,0,0,0,89.9924730556665,0.00112217002936777,-0.00313880193450142,90.0075269443335,0.00112217002937115,0.0031388019345048,0,0,0,1.93600844333608,-0.648115855881316,19.5516198629864,1.93600844333608,-0.648115855881316,19.5516198629864
280,990,0,0,0,89.9926751251734,0.00188279156113544,-0.00335966600938326,90.0073248748266,0.00188279156113769,0.00335966600938326,0,0,0,2.05846800007428,-0.687931328941645,19.5158757707879,2.05846800007428,-0.687931328941647,19.5158757707879
281,991,0,0,0,89.9929081251874,0.0022463206501623,-0.00397803053295748,90.0070918748126,0.00224632065016117,0.00397803053296085,0,0,0,2.17144554519305,-0.72423029658952,19.4742122492479,2.17144554519304,-0.724230296589522,19.4742122492479
282,992,0,0,0,89.9929648390904,0.00232634574092046,-0.00493030424918662,90.0070351609096,0.00232634574091822,0.00493030424918662,0,0,0,2.2765243387575,-0.757732639117184,19.4321591695232,2.2765243387575,-0.757732639117184,19.4321591695232
283,993,0,0,0,89.9927214341109,0.00256494475860528,-0.00652254878957067,90.0072785658891,0.00256494475860415,0.0065225487895718,0,0,0,2.37517551589404,-0.78882652666079,19.3867895964526,2.37517551589404,-0.78882652666079,19.3867895964526
284,994,0,0,0,89.9926284345806,0.0028566216207113,-0.00789116292244626,90.0073715654194,0.00285662162070905,0.00789116292244626,0,0,0,2.46583432091222,-0.816950321446062,19.3371175536606,2.46583432091223,-0.81695032144606,19.3371175536606
285,995,0,0,0,89.9926904963361,0.00293703103630284,-0.00886411430819685,90.0073095036639,0.00293703103630172,0.00886411430819798,0,0,0,2.54841396347741,-0.842243726185716,19.2871697692339,2.54841396347741,-0.842243726185716,19.2871697692339
286,996,0,0,0,89.9927489859342,0.00330746790755547,-0.00977509514650664,90.0072510140658,0.0033074679075521,0.00977509514651002,0,0,0,2.6233361231362,-0.864604162012876,19.230941167692,2.6233361231362,-0.864604162012876,19.230941167692
287,997,0,0,0,89.9922293456823,0.00428695918734269,-0.0138234719351565,90.0077706543177,0.00428695918734156,0.0138234719351577,0,0,0,2.67943286573362,-0.879958321204642,19.1594692212569,2.67943286573362,-0.879958321204639,19.1594692212569
288,998,0,0,0,89.9933263239442,0.00430599711406495,-0.0122594516456461,90.0066736760558,0.00430599711406607,0.0122594516456405,0,0,0,2.72505783576933,-0.891722154404682,19.087405057579,2.72505783576933,-0.891722154404682,19.087405057579
289,999,0,0,0,89.9938427400609,0.00410093526249963,-0.0128404179038502,90.006157259939,0.00410093526250188,0.0128404179038457,0,0,0,2.75653240934961,-0.898987300936666,19.0204046883768,2.75653240934961,-0.898987300936666,19.0204046883768
290,1000,0,0,0,89.9944911692765,0.00367916313360282,-0.0131539102868356,90.0055088307235,0.00367916313359945,0.0131539102868345,0,0,0,2.77333764681344,-0.901810143160458,18.9621982157479,2.77333764681344,-0.901810143160458,18.9621982157479
291,1001,0,0,0,89.9949182538769,0.00351842877229308,-0.0128202617644116,90.0050817461231,0.00351842877229309,0.0128202617644094,0,0,0,2.78470530600251,-0.902954655006056,18.9066051422895,2.78470530600251,-0.902954655006056,18.9066051422895
292,1002,0,0,0,89.9954706606884,0.00332893743192688,-0.0119848305499659,90.0045293393116,0.00332893743192801,0.0119848305499647,0,0,0,2.79114264942541,-0.902618717237325,18.8539966163561,2.79114264942542,-0.902618717237325,18.8539966163561
293,1003,0,0,0,89.9960081191323,0.00294645322632576,-0.0110170848966413,90.0039918808677,0.00294645322632351,0.0110170848966413,0,0,0,2.79394298157718,-0.901404174363223,18.8080571414607,2.79394298157718,-0.901404174363223,18.8080571414607
294,1004,0,0,0,89.9967256299919,0.00291820694946387,-0.0102407877875902,90.0032743700081,0.00291820694946275,0.0102407877875891,0,0,0,2.78758268009281,-0.897215756082458,18.7617632887406,2.7875826800928,-0.897215756082457,18.7617632887406
295,1005,0,0,0,89.9980425994927,0.00456971324284889,-0.0101752349445262,90.0019574005073,0.00456971324285114,0.0101752349445217,0,0,0,2.75355492465964,-0.88265215072738,18.6827960830026,2.75355492465964,-0.882652150727376,18.6827960830026
296,1006,0,0,0,89.9994617435942,0.00673992920239457,-0.0107208112468254,90.0005382564058,0.00673992920239682,0.0107208112468209,0,0,0,2.68621901409086,-0.855711823626111,18.5629560047402,2.68621901409086,-0.855711823626114,18.5629560047402
297,1007,0,0,0,90.0002882640073,0.00811989608024489,-0.01114983071288,89.9997117359927,0.00811989608024714,0.0111498307128755,0,0,0,2.60008194863443,-0.821998520752919,18.4180497861673,2.60008194863443,-0.821998520752913,18.4180497861673
298,1008,0,0,0,90.0009123345189,0.00885488384973824,-0.011858878431444,89.9990876654811,0.00885488384973824,0.0118588784314417,0,0,0,2.49741007948818,-0.782970161873697,18.2602551315145,2.49741007948819,-0.782970161873705,18.2602551315145
299,1009,0,0,0,90.0019635918292,0.0102007164083239,-0.0126148726518551,89.9980364081708,0.010200716408325,0.012614872651854,0,0,0,2.36871582087469,-0.735367518419555,18.0767092422246,2.3687158208747,-0.735367518419557,18.0767092422246
300,1010,0,0,0,90.0032455862248,0.0112637606303253,-0.0127374571322831,89.9967544137752,0.0112637606303264,0.0127374571322797,0,0,0,2.21451979853393,-0.679958994858097,17.8729481049529,2.21451979853393,-0.679958994858097,17.8729481049529
301,1011,0,0,0,90.0045927121057,0.0119080200758953,-0.0127527167596684,89.9954072878943,0.0119080200758953,0.0127527167596662,0,0,0,2.0346939607678,-0.61738873626509,17.6568151220663,2.0346939607678,-0.61738873626509,17.6568151220663
302,1012,0,0,0,90.0054534100532,0.0123618629178325,-0.0129513722643858,89.9945465899468,0.0123618629178325,0.0129513722643835,0,0,0,1.83855085550051,-0.550940320385677,17.4315659742739,1.83855085550051,-0.550940320385677,17.431565974274
303,1013,0,0,0,90.0060715370541,0.0128604167075842,-0.0128127049504066,89.9939284629459,0.0128604167075831,0.0128127049504055,0,0,0,1.63309833665677,-0.482923358200771,17.1957280522468,1.63309833665677,-0.482923358200773,17.1957280522468
304,1014,0,0,0,90.0065608700945,0.0126945141116711,-0.0125761863081418,89.9934391299055,0.0126945141116711,0.0125761863081396,0,0,0,1.42158242361643,-0.414819046510933,16.9625231513909,1.42158242361644,-0.414819046510942,16.9625231513909
305,1015,0,0,0,90.0062471151511,0.0118213624043367,-0.0127856816125215,89.9937528848489,0.0118213624043378,0.0127856816125204,0,0,0,1.21786126304347,-0.350941339620148,16.745568590778,1.21786126304346,-0.350941339620147,16.745568590778
306,1016,0,0,0,90.0048991056952,0.00993293627246795,-0.0133240076079457,89.9951008943048,0.00993293627246794,0.0133240076079434,0,0,0,1.0407311672223,-0.296737755457255,16.5645571688877,1.0407311672223,-0.296737755457252,16.5645571688877
307,1017,0,0,0,90.0021296482462,0.00851225738624872,-0.0159715882398956,89.9978703517538,0.00851225738624759,0.0159715882398944,0,0,0,0.905363915181333,-0.255791560356259,16.4099089625346,0.905363915181333,-0.255791560356259,16.4099089625346
308,1018,0,0,0,90.0007098733287,0.0083853834189958,-0.0135374713148944,89.9992901266713,0.0083853834189958,0.0135374713148921,0,0,0,0.813629151087191,-0.227756426404953,16.2547878759204,0.813629151087191,-0.227756426404953,16.2547878759204
309,1019,0,0,0,89.998879624465,0.00965240264499579,-0.0112647735980186,90.001120375535,0.00965240264499579,0.0112647735980163,0,0,0,0.772349402331037,-0.213847680593955,16.0731253577103,0.772349402331043,-0.21384768059395,16.0731253577103
310,1020,0,0,0,89.9974795385882,0.0115873552683892,-0.00838628410612544,90.0025204614118,0.0115873552683892,0.00838628410612544,0,0,0,0.775382621900016,-0.211824526949793,15.8530868202293,0.775382621900017,-0.2118245269498,15.8530868202293
311,1021,0,0,0,89.9964688393232,0.0120647282597498,-0.00511406990981023,90.0035311606768,0.0120647282597509,0.00511406990980686,0,0,0,0.816871108537071,-0.22002339960174,15.6245240258825,0.816871108537078,-0.220023399601744,15.6245240258825
312,1022,0,0,0,89.9947706932772,0.010436160696569,-0.00264015614631914,90.0052293067228,0.010436160696569,0.00264015614631689,0,0,0,0.906371438976583,-0.241141985057494,15.42824976672,0.906371438976584,-0.241141985057495,15.42824976672
313,1023,0,0,0,89.994709032385,0.00935132448028798,-0.00151486408291081,90.005290967615,0.0093513244802936,0.00151486408290519,0,0,0,1.00120480956524,-0.263402476102305,15.251744113518,1.00120480956523,-0.263402476102304,15.251744113518
314,1024,0,0,0,89.9941873382831,0.00568406936659965,-0.00140037389033693,90.0058126617169,0.00568406936660077,0.0014003738903358,0,0,0,1.10768946900693,-0.289476699168833,15.1474191982826,1.10768946900693,-0.289476699168836,15.1474191982826
315,1025,0,0,0,89.9926816312772,0.000509173313245077,-0.00225297889663773,90.0073183687228,0.000509173313245077,0.00225297889663548,0,0,0,1.24100832796386,-0.324236564605313,15.1430926513772,1.24100832796387,-0.324236564605317,15.1430926513772
316,1026,0,0,0,89.9907218218827,-0.00327019500520417,-0.00388139697895589,90.0092781781173,-0.00327019500520305,0.00388139697895476,0,0,0,1.4053360866419,-0.368762067072257,15.2096873168653,1.4053360866419,-0.368762067072261,15.2096873168653
317,1027,0,0,0,89.9889165791874,-0.00527899849490546,-0.00543696655929547,90.0110834208125,-0.00527899849490546,0.00543696655929322,0,0,0,1.5973016009537,-0.421944021110923,15.3132947464735,1.5973016009537,-0.421944021110923,15.3132947464735
318,1028,0,0,0,89.9878890926241,-0.00590767545718619,-0.00638399392392672,90.0121109073759,-0.00590767545718394,0.00638399392392447,0,0,0,1.80401294028569,-0.480063829928768,15.4279947915147,1.80401294028569,-0.480063829928768,15.4279947915147
319,1029,0,0,0,89.9877252071094,-0.00557893764331662,-0.00678407142463022,90.0122747928906,-0.00557893764331437,0.00678407142463023,0,0,0,2.01099167912396,-0.538834304819675,15.5359192563199,2.01099167912395,-0.538834304819672,15.5359192563199
320,1030,0,0,0,89.9887368039889,-0.00511588680814512,-0.00588445960880152,90.0112631960111,-0.00511588680814399,0.0058844596088004,0,0,0,2.20200047111119,-0.5937147279792,15.6346377395973,2.20200047111119,-0.5937147279792,15.6346377395973
321,1031,0,0,0,89.9904653512853,-0.00434198368631334,-0.00428981307409522,90.0095346487147,-0.00434198368631447,0.00428981307409185,0,0,0,2.36691554867456,-0.641526258587318,15.7175941423734,2.36691554867456,-0.641526258587318,15.7175941423734
322,1032,0,0,0,89.9929675797378,-0.00321241793428806,-0.00233377592649847,90.0070324202622,-0.00321241793428919,0.00233377592649509,0,0,0,2.49216508688242,-0.67803179530441,15.7777435868849,2.49216508688241,-0.678031795304409,15.7777435868849
323,1033,0,0,0,89.9964215904632,-0.00156732615168175,0.000490594478239594,90.0035784095368,-0.00156732615168287,-0.000490594478240718,0,0,0,2.56349118818894,-0.69861301611501,15.8044919707303,2.56349118818893,-0.698613016115012,15.8044919707303
324,1034,0,0,0,89.9999528708356,0.000239044346792707,0.00382986012752608,90.0000471291644,0.000239044346794955,-0.00382986012752608,0,0,0,2.58292878825521,-0.703489436461574,15.7946437001978,2.5829287882552,-0.703489436461574,15.7946437001978
325,1035,0,0,0,90.0029544876433,0.000975576092666962,0.00737152039569604,89.9970455123567,0.000975576092665837,-0.00737152039569941,0,0,0,2.56308646373641,-0.696992883014061,15.7694391413551,2.56308646373641,-0.696992883014051,15.7694391413551
326,1036,0,0,0,90.0045241435235,0.000986192857990795,0.0079683881017782,89.9954758564765,0.000986192857991918,-0.00796838810177708,0,0,0,2.5161579950096,-0.683173586790562,15.7447867532494,2.5161579950096,-0.683173586790558,15.7447867532494
327,1037,0,0,0,90.0057486630132,0.000174663546072613,0.0134907260913122,89.9942513369868,0.000174663546073736,-0.0134907260913134,0,0,0,2.47788457541389,-0.672226024259185,15.7317323516827,2.47788457541389,-0.672226024259179,15.7317323516827
328,1038,0,0,0,90.005989796919,-8.75720764297038e-05,0.0163988490416324,89.994010203081,-8.75720764285825e-05,-0.0163988490416313,0,0,0,2.4512976501074,-0.664559890491473,15.7209279816798,2.4512976501074,-0.664559890491467,15.7209279816798
329,1039,0,0,0,90.0061609312416,-5.65602829756335e-05,0.0183882016742218,89.9938390687584,-5.65602829756366e-05,-0.018388201674224,0,0,0,2.43207473730308,-0.65880450961664,15.7077647105571,2.43207473730308,-0.658804509616637,15.7077647105571
330,1040,0,0,0,90.0061015105388,0.000322491534264102,0.0196968815144446,89.9938984894612,0.000322491534267472,-0.019696881514448,0,0,0,2.42101346138554,-0.654922121664835,15.6860736746092,2.42101346138554,-0.654922121664835,15.6860736746092
331,1041,0,0,0,90.0061661240685,0.00045085227460468,0.0202924432330797,89.9938338759315,0.000450852274603553,-0.0202924432330831,0,0,0,2.41141701422932,-0.651339802901539,15.6618146770984,2.41141701422932,-0.651339802901539,15.6618146770984
332,1042,0,0,0,90.0063203060447,0.000409431414898832,0.0207179962106696,89.9936796939553,0.00040943141489883,-0.0207179962106719,0,0,0,2.40083146624342,-0.647526794418665,15.6382642788962,2.40083146624342,-0.647526794418664,15.6382642788962
333,1043,0,0,0,90.0068415253024,0.000270301529726015,0.0210301934980093,89.9931584746976,0.00027030152972826,-0.0210301934980138,0,0,0,2.38116834704456,-0.641382829198931,15.6174119163804,2.38116834704456,-0.641382829198924,15.6174119163804
334,1044,0,0,0,90.0075017190386,9.07968404123356e-05,0.0216059685879128,89.9924982809614,9.07968404123341e-05,-0.0216059685879128,0,0,0,2.35151957365903,-0.632692893810156,15.5998252938453,2.35151957365902,-0.632692893810158,15.5998252938453
335,1045,0,0,0,90.0080279951122,-0.000220351342694005,0.0224546620499139,89.9919720048878,-0.000220351342695135,-0.0224546620499173,0,0,0,2.31640154908769,-0.622769994702799,15.5879015484989,2.31640154908769,-0.622769994702802,15.5879015484989
336,1046,0,0,0,90.0081647766054,-0.00118747675138335,0.0236515200547018,89.9918352233946,-0.00118747675138111,-0.0236515200547063,0,0,0,2.2860832653418,-0.614855410304643,15.5942645614911,2.28608326534182,-0.614855410304651,15.5942645614911
337,1047,0,0,0,90.0080615942163,-0.00219370039737148,0.0247918721709955,89.9919384057836,-0.00219370039737149,-0.0247918721709977,0,0,0,2.26487115358971,-0.610087999193741,15.6190299202926,2.26487115358971,-0.610087999193736,15.6190299202926
338,1048,0,0,0,90.0078805687886,-0.00199672583299637,0.0257154721495956,89.9921194312114,-0.00199672583299637,-0.0257154721495956,0,0,0,2.25242027522476,-0.607458594456909,15.6382437090612,2.25242027522476,-0.607458594456905,15.6382437090612
339,1049,0,0,0,90.0079916967053,-0.00131569553676551,0.0267487398258916,89.9920083032947,-0.00131569553676664,-0.0267487398258927,0,0,0,2.24301860142967,-0.605113815046776,15.6433660375881,2.24301860142968,-0.605113815046779,15.6433660375881
340,1050,0,0,0,90.0080810324498,-0.000343441554986791,0.027531596479416,89.9919189675502,-0.000343441554986796,-0.0275315964794182,0,0,0,2.23565943475742,-0.602595942748889,15.6292489365037,2.23565943475742,-0.602595942748889,15.6292489365037
341,1051,0,0,0,90.008204476832,0.0007246616376778,0.0271457990754512,89.9917955231679,0.000724661637677797,-0.0271457990754512,0,0,0,2.22267409648193,-0.597821230584809,15.5952328796244,2.22267409648192,-0.597821230584806,15.5952328796244
342,1052,0,0,0,90.0081461547953,0.00138188812999689,0.0262867946432594,89.9918538452047,0.00138188812999689,-0.0262867946432571,0,0,0,2.20552432489248,-0.591524495970887,15.5499490356065,2.20552432489248,-0.59152449597089,15.5499490356065
343,1053,0,0,0,90.0080307241829,0.00139403664206641,0.025656396387075,89.991969275817,0.00139403664207202,-0.0256563963870784,0,0,0,2.18691678953863,-0.584900419756461,15.5056706947232,2.18691678953863,-0.584900419756459,15.5056706947232
344,1054,0,0,0,90.0077425516566,0.00147348227092959,0.0244617993440064,89.9922574483434,0.00147348227093296,-0.024461799344003,0,0,0,2.16704967709429,-0.577947270749899,15.4608344285047,2.16704967709429,-0.577947270749899,15.4608344285047
345,1055,0,0,0,90.0073901796365,0.00286342341001937,0.0223837473405667,89.9926098203635,0.00286342341002274,-0.0223837473405655,0,0,0,2.14156332658031,-0.568591148823267,15.3900031811392,2.14156332658031,-0.568591148823267,15.3900031811392
346,1056,0,0,0,90.0076884641055,0.00491116174323244,0.0213353612499094,89.9923115358945,0.00491116174323356,-0.0213353612499082,0,0,0,2.10264556309287,-0.554378949562899,15.2806732862957,2.10264556309287,-0.554378949562902,15.2806732862957
347,1057,0,0,0,90.0075990843708,0.00669564844138846,0.0161495736158941,89.9924009156293,0.00669564844138733,-0.0161495736158907,0,0,0,2.03545055841044,-0.531890218928338,15.1419202497137,2.03545055841044,-0.531890218928338,15.1419202497137
348,1058,0,0,0,90.0090263053704,0.00700005233589577,0.0207639745812681,89.9909736946296,0.00700005233589802,-0.0207639745812681,0,0,0,1.9650048019959,-0.508630909392267,14.9958996615914,1.9650048019959,-0.508630909392267,14.9958996615914
349,1059,0,0,0,90.0102324179167,0.00738793168480779,0.0213026465886767,89.9897675820833,0.00738793168481229,-0.021302646588679,0,0,0,1.87165898545586,-0.479622314392119,14.8429247221374,1.87165898545586,-0.479622314392121,14.8429247221374
350,1060,0,0,0,90.0112109639867,0.00687183792263706,0.021026088317896,89.9887890360132,0.00687183792264267,-0.0210260883178971,0,0,0,1.7569342227154,-0.44601540410864,14.7016381697295,1.75693422271541,-0.446015404108644,14.7016381697295
351,1061,0,0,0,90.0111500704036,0.00525340700662159,0.0202776078178036,89.9888499295964,0.00525340700662384,-0.0202776078178036,0,0,0,1.64029091793869,-0.413387409484223,14.5933064764841,1.64029091793869,-0.413387409484221,14.5933064764841
352,1062,0,0,0,90.0101557501296,0.00354543199136869,0.0190816232123755,89.9898442498704,0.00354543199136982,-0.0190816232123766,0,0,0,1.53788272424579,-0.385626729765498,14.5186590397976,1.53788272424579,-0.385626729765498,14.5186590397976
353,1063,0,0,0,90.0084228058161,0.00187183452056054,0.0179551135846545,89.9915771941839,0.00187183452056054,-0.0179551135846545,0,0,0,1.46467266860059,-0.366220461351415,14.4766033070163,1.46467266860059,-0.366220461351415,14.4766033070163
354,1064,0,0,0,90.0063798212858,6.28262653049771e-05,0.01732749770572,89.9936201787142,6.28262653038512e-05,-0.01732749770572,0,0,0,1.4291521350652,-0.357161080564032,14.4693801600935,1.42915213506519,-0.357161080564033,14.4693801600935
355,1065,0,0,0,90.0043185549083,-0.00213306372207332,0.0164761083926312,89.9956814450916,-0.00213306372206995,-0.0164761083926334,0,0,0,1.43036399393872,-0.358313463507841,14.5045161279293,1.43036399393872,-0.358313463507841,14.5045161279293
356,1066,0,0,0,90.0031680378008,-0.00292736611137643,0.0146666456955436,89.9968319621992,-0.00292736611137531,-0.0146666456955436,0,0,0,1.44419479120294,-0.36298917988029,14.5540842203604,1.44419479120293,-0.362989179880288,14.5540842203604
357,1067,0,0,0,90.0031388813116,-0.0020302681427385,0.012196873314007,89.9968611186884,-0.00203026814273401,-0.012196873314007,0,0,0,1.44463894346755,-0.363883270482303,14.58614101786,1.44463894346756,-0.363883270482305,14.58614101786
358,1068,0,0,0,90.0043823832799,-0.00169936310023684,0.0110750834891973,89.99561761672,-0.0016993631002329,-0.0110750834891967,0,0,0,1.41403512400561,-0.35681825241783,14.613210471547,1.41403512400563,-0.356818252417832,14.613210471547
359,1069,0,0,0,90.0065307698873,-0.00123165454482402,0.0104573316423878,89.9934692301127,-0.0012316545448184,-0.01045733164239,0,0,0,1.3372457847512,-0.337858265026376,14.6319758697376,1.3372457847512,-0.337858265026376,14.6319758697376
360,1070,0,0,0,90.0074249603483,-0.00137878424389762,0.0102871192227506,89.9925750396517,-0.00137878424389537,-0.0102871192227506,0,0,0,1.24354003462854,-0.314650349394198,14.6545591775123,1.24354003462854,-0.314650349394199,14.6545591775123
361,1071,0,0,0,90.0066317767221,-0.00225769109326289,0.0112698533197001,89.9933682232779,-0.00225769109325895,-0.0112698533197007,0,0,0,1.17280495920301,-0.297534209805241,14.6942802816566,1.17280495920301,-0.297534209805241,14.6942802816566
362,1072,0,0,0,90.0051659758904,-0.00293687841244009,0.0132277367293135,89.9948340241096,-0.00293687841243672,-0.0132277367293135,0,0,0,1.14222003264413,-0.29076894793497,14.745926995803,1.14222003264412,-0.290768947934971,14.745926995803
363,1073,0,0,0,90.0042960358591,-0.00294378373255595,0.0155839605597537,89.9957039641409,-0.00294378373255427,-0.0155839605597521,0,0,0,1.14065329612052,-0.291335775199608,14.7960904765071,1.14065329612052,-0.291335775199607,14.7960904765071
364,1074,0,0,0,90.0047270172425,-0.00201277712244494,0.0178222408546157,89.9952729827575,-0.00201277712244269,-0.0178222408546157,0,0,0,1.14089914122906,-0.291990089594241,14.8268135815042,1.14089914122906,-0.291990089594241,14.8268135815042
365,1075,0,0,0,90.0054487592887,-0.00191062168136136,0.018767220473308,89.9945512407113,-0.00191062168136024,-0.018767220473308,0,0,0,1.13141271590743,-0.290122245799756,14.8561800176973,1.13141271590743,-0.290122245799756,14.8561800176973
366,1076,0,0,0,90.0060733430906,-0.00245912958547933,0.0181819786131823,89.9939266569094,-0.00245912958547764,-0.0181819786131795,0,0,0,1.10662943257092,-0.284528359086225,14.8970318501308,1.10662943257092,-0.284528359086225,14.8970318501308
367,1077,0,0,0,90.005427255999,-0.00298513561952518,0.012021977541508,89.994572744001,-0.00298513561952518,-0.0120219775415075,0,0,0,1.06245478622318,-0.274124256805259,14.9503948162645,1.06245478622318,-0.274124256805259,14.9503948162645
368,1078,0,0,0,90.0060914140126,-0.00285621750409343,0.0131456035957788,89.9939085859874,-0.00285621750409315,-0.0131456035957802,0,0,0,1.01194144624109,-0.261941045169204,15.0003466759544,1.01194144624109,-0.261941045169204,15.0003466759544
369,1079,0,0,0,90.005980500791,-0.00223466407649685,0.0106173351555665,89.9940194992089,-0.00223466407649348,-0.0106173351555665,0,0,0,0.950121926012784,-0.246557541074904,15.0391360589326,0.950121926012778,-0.246557541074902,15.0391360589326
370,1080,0,0,0,90.005553011268,-0.00212780849988341,0.00743222392025468,89.994446988732,-0.00212780849988032,-0.00743222392025328,0,0,0,0.880103646121341,-0.228955484354141,15.0775962569619,0.880103646121341,-0.22895548435414,15.077596256962
371,1081,0,0,0,90.004478917951,-0.0028189921658947,0.00433617077040447,89.9955210820489,-0.00281899216589105,-0.00433617077040587,0,0,0,0.815672674109892,-0.212925087500304,15.1309433332408,0.815672674109892,-0.212925087500303,15.1309433332408
372,1082,0,0,0,90.0027948632052,-0.00422520348596694,0.0020634797467329,89.9972051367948,-0.00422520348596525,-0.00206347974673121,0,0,0,0.773391674343851,-0.202946200649607,15.2122677750396,0.773391674343851,-0.202946200649606,15.2122677750396
373,1083,0,0,0,90.0011932423977,-0.00509108106556501,0.000628863331362059,89.9988067576023,-0.0050910810655622,-0.000628863331360934,0,0,0,0.755237626907732,-0.199421877185793,15.3097748465588,0.755237626907731,-0.199421877185792,15.3097748465588
374,1084,0,0,0,90.0000246226977,-0.00504765649260417,0.000368011225628225,89.9999753773023,-0.00504765649260277,-0.000368011225626819,0,0,0,0.758577723000442,-0.201526418981411,15.4055248353098,0.758577723000442,-0.201526418981411,15.4055248353098
375,1085,0,0,0,89.9989524164963,-0.00480307799744107,0.00137733062660643,90.0010475835036,-0.00480307799744079,-0.00137733062660783,0,0,0,0.788812559202923,-0.210761155237038,15.4960655396403,0.788812559202923,-0.210761155237038,15.4960655396403
376,1086,0,0,0,89.998097554639,-0.00445306270909267,0.00379253997720181,90.0019024453611,-0.00445306270908958,-0.00379253997720096,0,0,0,0.849374784093878,-0.228130229002513,15.5790607624877,0.849374784093878,-0.228130229002511,15.5790607624877
377,1087,0,0,0,89.9978053139986,-0.0039622188363565,0.00663427693592876,90.0021946860014,-0.00396221883635425,-0.00663427693592819,0,0,0,0.931023211549374,-0.251198294375039,15.651581965575,0.931023211549374,-0.251198294375039,15.651581965575
378,1088,0,0,0,89.9976040906296,-0.00328800945060967,0.00998446176264118,90.0023959093704,-0.00328800945060827,-0.00998446176264202,0,0,0,1.03538598443075,-0.280373176298509,15.709713848125,1.03538598443075,-0.280373176298509,15.709713848125
379,1089,0,0,0,89.997637402328,-0.00332713772636455,0.0131749657187212,90.002362597672,-0.00332713772636146,-0.0131749657187198,0,0,0,1.15687872835803,-0.314406833388773,15.7676806767696,1.15687872835803,-0.314406833388773,15.7676806767696
380,1090,0,0,0,89.9977880561048,-0.00374256337581399,0.016110965259572,90.0022119438951,-0.00374256337581315,-0.0161109652595718,0,0,0,1.29211867243871,-0.352569625300635,15.8320726682296,1.29211867243871,-0.352569625300635,15.8320726682296
381,1091,0,0,0,89.9979125225496,-0.00406090939248648,0.0184861611561458,90.0020874774504,-0.0040609093924848,-0.0184861611561458,0,0,0,1.4387133205718,-0.39423737771545,15.9004951832611,1.4387133205718,-0.39423737771545,15.9004951832611
382,1092,0,0,0,89.998093818559,-0.00443825579080169,0.02010153482516,90.001906181441,-0.00443825579079817,-0.0201015348251616,0,0,0,1.59131501759848,-0.43804489574679,15.9743413220489,1.59131501759848,-0.438044895746788,15.9743413220489
383,1093,0,0,0,89.9982717765348,-0.00447430670278732,0.0210735496554139,90.0017282234652,-0.0044743067027869,-0.0210735496554146,0,0,0,1.7464529612704,-0.482899920410468,16.0469025550648,1.7464529612704,-0.482899920410468,16.0469025550648
384,1094,0,0,0,89.9985010183455,-0.00428200764336626,0.0213414446847532,90.0014989816544,-0.00428200764336373,-0.0213414446847535,0,0,0,1.89897314717836,-0.527247093713865,16.1143149409523,1.89897314717836,-0.527247093713865,16.1143149409523
385,1095,0,0,0,89.9986115635512,-0.00406502629131779,0.0211083252417918,90.0013884364488,-0.00406502629131659,-0.0211083252417913,0,0,0,2.04854009063557,-0.570946359423869,16.1766274788941,2.04854009063557,-0.570946359423869,16.1766274788941
386,1096,0,0,0,89.9989247117129,-0.00378300488529485,0.0202640006880487,90.0010752882871,-0.00378300488529416,-0.0202640006880496,0,0,0,2.18716028516999,-0.611686982789553,16.2331420759261,2.18716028516999,-0.611686982789554,16.2331420759261
387,1097,0,0,0,89.9981290465587,-0.00325924066866195,0.0126245296541134,90.0018709534413,-0.00325924066865925,-0.0126245296541145,0,0,0,2.29687596962359,-0.644381749479703,16.2845903412058,2.29687596962359,-0.644381749479703,16.2845903412058
388,1098,0,0,0,89.9997845830923,-0.0040582832807106,0.0178342879194841,90.0002154169077,-0.00405828328070953,-0.0178342879194846,0,0,0,2.40607783469329,-0.677592664926985,16.347639669858,2.40607783469329,-0.677592664926984,16.347639669858
389,1099,0,0,0,90.0005217410472,-0.00420957941073683,0.0180517987448607,89.9994782589528,-0.00420957941073675,-0.0180517987448619,0,0,0,2.5019788926286,-0.707347417500521,16.4124446355959,2.5019788926286,-0.707347417500521,16.4124446355959
390,1100,0,0,0,90.0010437714512,-0.00409881569600967,0.0175935648139439,89.9989562285488,-0.00409881569600975,-0.0175935648139428,0,0,0,2.58534938853085,-0.733649608025065,16.4748724240303,2.58534938853084,-0.733649608025064,16.4748724240302
391,1101,0,0,0,90.0018196609451,-0.00358906157685859,0.0177239146354507,89.9981803390549,-0.00358906157685922,-0.0177239146354514,0,0,0,2.65420886831643,-0.755523919016662,16.5268184173598,2.65420886831643,-0.755523919016659,16.5268184173598
392,1102,0,0,0,90.0025891038353,-0.00329221109714451,0.0182180729156102,89.9974108961647,-0.00329221109714107,-0.0182180729156119,0,0,0,2.71107451324031,-0.773814248084539,16.5726831309237,2.71107451324031,-0.773814248084535,16.5726831309236
393,1103,0,0,0,90.0031486872639,-0.00348238027748076,0.0189383787547942,89.9968513127361,-0.0034823802774788,-0.0189383787547945,0,0,0,2.76187385019702,-0.790602313497687,16.6217521806201,2.76187385019701,-0.790602313497687,16.6217521806201
394,1104,0,0,0,90.0036978132152,-0.00351427238603181,0.0195147563270103,89.9963021867848,-0.00351427238603265,-0.0195147563270098,0,0,0,2.80556622452497,-0.805418956395463,16.6705611408991,2.80556622452497,-0.805418956395463,16.6705611408991
395,1105,0,0,0,90.0044868612273,-0.00321575876182991,0.0201599965220922,89.9955131387727,-0.00321575876182767,-0.0201599965220936,0,0,0,2.83739985575528,-0.816572232742134,16.712716059959,2.83739985575528,-0.816572232742134,16.712716059959
396,1106,0,0,0,90.0056819024535,-0.00276084844307985,0.0208486818210337,89.9943180975465,-0.00276084844307844,-0.0208486818210334,0,0,0,2.84925491920456,-0.821555958971067,16.7455952951796,2.84925491920456,-0.821555958971067,16.7455952951796
397,1107,0,0,0,90.0071111158997,-0.00191291545697846,0.0212291059843473,89.9928888841003,-0.00191291545697958,-0.0212291059843484,0,0,0,2.83438002180738,-0.818040527837771,16.7620525046104,2.83438002180738,-0.818040527837772,16.7620525046104
398,1108,0,0,0,90.0083738570704,-0.00140541278340844,0.021725279926833,89.9916261429296,-0.00140541278340591,-0.0217252799268344,0,0,0,2.7974341238602,-0.807698352686636,16.7692476355259,2.79743412386021,-0.807698352686636,16.7692476355259
399,1109,0,0,0,90.0090720221404,-0.00166864647977524,0.0218747822246254,89.9909279778596,-0.00166864647977186,-0.0218747822246243,0,0,0,2.74825990925704,-0.794090937424811,16.7825385301216,2.74825990925705,-0.794090937424811,16.7825385301216
400,1110,0,0,0,90.0098656125559,-0.000533195512560422,0.0213164257916476,89.9901343874441,-0.000533195512560986,-0.021316425791647,0,0,0,2.67902594725815,-0.773680103391824,16.774075859077,2.67902594725815,-0.773680103391824,16.774075859077
401,1111,0,0,0,90.0104319226846,0.000297409837190989,0.0205352336119763,89.9895680773154,0.000297409837189301,-0.0205352336119786,0,0,0,2.59351921887443,-0.747977246239365,16.7515278110416,2.59351921887443,-0.747977246239365,16.7515278110416
402,1112,0,0,0,90.0110719858051,0.00123233380844512,0.0196103064850794,89.9889280141949,0.00123233380844568,-0.0196103064850788,0,0,0,2.48900431081618,-0.716183227920395,16.7126986747481,2.48900431081618,-0.716183227920395,16.7126986747481
